Analysis & Synthesis report for TDM_UATR
Sat May  9 21:25:56 2026
Quartus Prime Version 25.1std.0 Build 1129 10/21/2025 SC Lite Edition


---------------------
; Table of Contents ;
---------------------
  1. Legal Notice
  2. Analysis & Synthesis Summary
  3. Analysis & Synthesis Settings
  4. Parallel Compilation
  5. Analysis & Synthesis Source Files Read
  6. Analysis & Synthesis Resource Usage Summary
  7. Analysis & Synthesis Resource Utilization by Entity
  8. Analysis & Synthesis RAM Summary
  9. Analysis & Synthesis IP Cores Summary
 10. Registers Removed During Synthesis
 11. Removed Registers Triggering Further Register Optimizations
 12. General Register Statistics
 13. Inverted Register Statistics
 14. Multiplexer Restructuring Statistics (Restructuring Performed)
 15. Source assignments for Top-level Entity: |top_loopback
 16. Source assignments for sld_signaltap:auto_signaltap_0
 17. Parameter Settings for Inferred Entity Instance: sld_signaltap:auto_signaltap_0
 18. Signal Tap Logic Analyzer Settings
 19. Post-Synthesis Netlist Statistics for Top Partition
 20. Post-Synthesis Netlist Statistics for Partition sld_signaltap:auto_signaltap_0
 21. Post-Synthesis Netlist Statistics for Partition sld_hub:auto_hub
 22. Elapsed Time Per Partition
 23. Connections to In-System Debugging Instance "auto_signaltap_0"
 24. Analysis & Synthesis Messages



----------------
; Legal Notice ;
----------------
Copyright (C) 2025  Altera Corporation. All rights reserved.
Your use of Altera Corporation's design tools, logic functions 
and other software and tools, and any partner logic 
functions, and any output files from any of the foregoing 
(including device programming or simulation files), and any 
associated documentation or information are expressly subject 
to the terms and conditions of the Altera Program License 
Subscription Agreement, the Altera Quartus Prime License Agreement,
the Altera IP License Agreement, or other applicable license
agreement, including, without limitation, that your use is for
the sole purpose of programming logic devices manufactured by
Altera and sold by Altera or its authorized distributors.  Please
refer to the Altera Software License Subscription Agreements 
on the Quartus Prime software download page.



+--------------------------------------------------------------------------------------+
; Analysis & Synthesis Summary                                                         ;
+------------------------------------+-------------------------------------------------+
; Analysis & Synthesis Status        ; Successful - Sat May  9 21:25:56 2026           ;
; Quartus Prime Version              ; 25.1std.0 Build 1129 10/21/2025 SC Lite Edition ;
; Revision Name                      ; TDM_UATR                                        ;
; Top-level Entity Name              ; top_loopback                                    ;
; Family                             ; Cyclone IV E                                    ;
; Total logic elements               ; 3,987                                           ;
;     Total combinational functions  ; 1,520                                           ;
;     Dedicated logic registers      ; 3,410                                           ;
; Total registers                    ; 3410                                            ;
; Total pins                         ; 16                                              ;
; Total virtual pins                 ; 0                                               ;
; Total memory bits                  ; 99,840                                          ;
; Embedded Multiplier 9-bit elements ; 0                                               ;
; Total PLLs                         ; 0                                               ;
+------------------------------------+-------------------------------------------------+


+------------------------------------------------------------------------------------------------------------+
; Analysis & Synthesis Settings                                                                              ;
+------------------------------------------------------------------+--------------------+--------------------+
; Option                                                           ; Setting            ; Default Value      ;
+------------------------------------------------------------------+--------------------+--------------------+
; Device                                                           ; EP4CE6E22C8        ;                    ;
; Top-level entity name                                            ; top_loopback       ; TDM_UATR           ;
; Family name                                                      ; Cyclone IV E       ; Cyclone V          ;
; Use smart compilation                                            ; Off                ; Off                ;
; Enable parallel Assembler and Timing Analyzer during compilation ; On                 ; On                 ;
; Enable compact report table                                      ; Off                ; Off                ;
; Restructure Multiplexers                                         ; Auto               ; Auto               ;
; Create Debugging Nodes for IP Cores                              ; Off                ; Off                ;
; Preserve fewer node names                                        ; On                 ; On                 ;
; Intel FPGA IP Evaluation Mode                                    ; Enable             ; Enable             ;
; Verilog Version                                                  ; Verilog_2001       ; Verilog_2001       ;
; VHDL Version                                                     ; VHDL_1993          ; VHDL_1993          ;
; State Machine Processing                                         ; Auto               ; Auto               ;
; Safe State Machine                                               ; Off                ; Off                ;
; Extract Verilog State Machines                                   ; On                 ; On                 ;
; Extract VHDL State Machines                                      ; On                 ; On                 ;
; Ignore Verilog initial constructs                                ; Off                ; Off                ;
; Iteration limit for constant Verilog loops                       ; 5000               ; 5000               ;
; Iteration limit for non-constant Verilog loops                   ; 250                ; 250                ;
; Add Pass-Through Logic to Inferred RAMs                          ; On                 ; On                 ;
; Infer RAMs from Raw Logic                                        ; On                 ; On                 ;
; Parallel Synthesis                                               ; On                 ; On                 ;
; DSP Block Balancing                                              ; Auto               ; Auto               ;
; NOT Gate Push-Back                                               ; On                 ; On                 ;
; Power-Up Don't Care                                              ; On                 ; On                 ;
; Remove Redundant Logic Cells                                     ; Off                ; Off                ;
; Remove Duplicate Registers                                       ; On                 ; On                 ;
; Ignore CARRY Buffers                                             ; Off                ; Off                ;
; Ignore CASCADE Buffers                                           ; Off                ; Off                ;
; Ignore GLOBAL Buffers                                            ; Off                ; Off                ;
; Ignore ROW GLOBAL Buffers                                        ; Off                ; Off                ;
; Ignore LCELL Buffers                                             ; Off                ; Off                ;
; Ignore SOFT Buffers                                              ; On                 ; On                 ;
; Limit AHDL Integers to 32 Bits                                   ; Off                ; Off                ;
; Optimization Technique                                           ; Balanced           ; Balanced           ;
; Carry Chain Length                                               ; 70                 ; 70                 ;
; Auto Carry Chains                                                ; On                 ; On                 ;
; Auto Open-Drain Pins                                             ; On                 ; On                 ;
; Perform WYSIWYG Primitive Resynthesis                            ; Off                ; Off                ;
; Auto ROM Replacement                                             ; On                 ; On                 ;
; Auto RAM Replacement                                             ; On                 ; On                 ;
; Auto DSP Block Replacement                                       ; On                 ; On                 ;
; Auto Shift Register Replacement                                  ; Auto               ; Auto               ;
; Allow Shift Register Merging across Hierarchies                  ; Auto               ; Auto               ;
; Auto Clock Enable Replacement                                    ; On                 ; On                 ;
; Strict RAM Replacement                                           ; Off                ; Off                ;
; Allow Synchronous Control Signals                                ; On                 ; On                 ;
; Force Use of Synchronous Clear Signals                           ; Off                ; Off                ;
; Auto RAM Block Balancing                                         ; On                 ; On                 ;
; Auto RAM to Logic Cell Conversion                                ; Off                ; Off                ;
; Auto Resource Sharing                                            ; Off                ; Off                ;
; Allow Any RAM Size For Recognition                               ; Off                ; Off                ;
; Allow Any ROM Size For Recognition                               ; Off                ; Off                ;
; Allow Any Shift Register Size For Recognition                    ; Off                ; Off                ;
; Use LogicLock Constraints during Resource Balancing              ; On                 ; On                 ;
; Ignore translate_off and synthesis_off directives                ; Off                ; Off                ;
; Timing-Driven Synthesis                                          ; On                 ; On                 ;
; Report Parameter Settings                                        ; On                 ; On                 ;
; Report Source Assignments                                        ; On                 ; On                 ;
; Report Connectivity Checks                                       ; On                 ; On                 ;
; Ignore Maximum Fan-Out Assignments                               ; Off                ; Off                ;
; Synchronization Register Chain Length                            ; 2                  ; 2                  ;
; Power Optimization During Synthesis                              ; Normal compilation ; Normal compilation ;
; HDL message level                                                ; Level2             ; Level2             ;
; Suppress Register Optimization Related Messages                  ; Off                ; Off                ;
; Number of Removed Registers Reported in Synthesis Report         ; 5000               ; 5000               ;
; Number of Swept Nodes Reported in Synthesis Report               ; 5000               ; 5000               ;
; Number of Inverted Registers Reported in Synthesis Report        ; 100                ; 100                ;
; Clock MUX Protection                                             ; On                 ; On                 ;
; Auto Gated Clock Conversion                                      ; Off                ; Off                ;
; Block Design Naming                                              ; Auto               ; Auto               ;
; SDC constraint protection                                        ; Off                ; Off                ;
; Synthesis Effort                                                 ; Auto               ; Auto               ;
; Shift Register Replacement - Allow Asynchronous Clear Signal     ; On                 ; On                 ;
; Pre-Mapping Resynthesis Optimization                             ; Off                ; Off                ;
; Analysis & Synthesis Message Level                               ; Medium             ; Medium             ;
; Disable Register Merging Across Hierarchies                      ; Auto               ; Auto               ;
; Resource Aware Inference For Block RAM                           ; On                 ; On                 ;
+------------------------------------------------------------------+--------------------+--------------------+


+------------------------------------------+
; Parallel Compilation                     ;
+----------------------------+-------------+
; Processors                 ; Number      ;
+----------------------------+-------------+
; Number detected on machine ; 8           ;
; Maximum allowed            ; 4           ;
;                            ;             ;
; Average used               ; 1.00        ;
; Maximum used               ; 4           ;
;                            ;             ;
; Usage by Processor         ; % Time Used ;
;     Processor 1            ; 100.0%      ;
;     Processor 2            ;   0.0%      ;
;     Processor 3            ;   0.0%      ;
;     Processor 4            ;   0.0%      ;
+----------------------------+-------------+


+------------------------------------------------------------------------------------------------------------------------------------------------------------------------------------------------------------------------------------------------------------------------+
; Analysis & Synthesis Source Files Read                                                                                                                                                                                                                                 ;
+--------------------------------------------------------------------+-----------------+----------------------------------------------+--------------------------------------------------------------------------------------------------------------------+-------------+
; File Name with User-Entered Path                                   ; Used in Netlist ; File Type                                    ; File Name with Absolute Path                                                                                       ; Library     ;
+--------------------------------------------------------------------+-----------------+----------------------------------------------+--------------------------------------------------------------------------------------------------------------------+-------------+
; top_loopback.vhd                                                   ; yes             ; User VHDL File                               ; C:/Users/LENOVO THINKPAD T14/Documents/TDM_UATR/top_loopback.vhd                                                   ;             ;
; tdm8_rx.vhd                                                        ; yes             ; User VHDL File                               ; C:/Users/LENOVO THINKPAD T14/Documents/TDM_UATR/tdm8_rx.vhd                                                        ;             ;
; tdm8_master.vhd                                                    ; yes             ; User VHDL File                               ; C:/Users/LENOVO THINKPAD T14/Documents/TDM_UATR/tdm8_master.vhd                                                    ;             ;
; seven_seg_driver.vhd                                               ; yes             ; User VHDL File                               ; C:/Users/LENOVO THINKPAD T14/Documents/TDM_UATR/seven_seg_driver.vhd                                               ;             ;
; sld_signaltap.vhd                                                  ; yes             ; Megafunction                                 ; c:/altera_lite/25.1std/quartus/libraries/megafunctions/sld_signaltap.vhd                                           ;             ;
; sld_signaltap_impl.vhd                                             ; yes             ; Encrypted Megafunction                       ; c:/altera_lite/25.1std/quartus/libraries/megafunctions/sld_signaltap_impl.vhd                                      ;             ;
; sld_ela_control.vhd                                                ; yes             ; Encrypted Megafunction                       ; c:/altera_lite/25.1std/quartus/libraries/megafunctions/sld_ela_control.vhd                                         ;             ;
; lpm_shiftreg.tdf                                                   ; yes             ; Megafunction                                 ; c:/altera_lite/25.1std/quartus/libraries/megafunctions/lpm_shiftreg.tdf                                            ;             ;
; lpm_constant.inc                                                   ; yes             ; Megafunction                                 ; c:/altera_lite/25.1std/quartus/libraries/megafunctions/lpm_constant.inc                                            ;             ;
; dffeea.inc                                                         ; yes             ; Megafunction                                 ; c:/altera_lite/25.1std/quartus/libraries/megafunctions/dffeea.inc                                                  ;             ;
; aglobal251.inc                                                     ; yes             ; Megafunction                                 ; c:/altera_lite/25.1std/quartus/libraries/megafunctions/aglobal251.inc                                              ;             ;
; sld_mbpmg.vhd                                                      ; yes             ; Encrypted Megafunction                       ; c:/altera_lite/25.1std/quartus/libraries/megafunctions/sld_mbpmg.vhd                                               ;             ;
; sld_ela_trigger_flow_mgr.vhd                                       ; yes             ; Encrypted Megafunction                       ; c:/altera_lite/25.1std/quartus/libraries/megafunctions/sld_ela_trigger_flow_mgr.vhd                                ;             ;
; sld_buffer_manager.vhd                                             ; yes             ; Encrypted Megafunction                       ; c:/altera_lite/25.1std/quartus/libraries/megafunctions/sld_buffer_manager.vhd                                      ;             ;
; altsyncram.tdf                                                     ; yes             ; Megafunction                                 ; c:/altera_lite/25.1std/quartus/libraries/megafunctions/altsyncram.tdf                                              ;             ;
; stratix_ram_block.inc                                              ; yes             ; Megafunction                                 ; c:/altera_lite/25.1std/quartus/libraries/megafunctions/stratix_ram_block.inc                                       ;             ;
; lpm_mux.inc                                                        ; yes             ; Megafunction                                 ; c:/altera_lite/25.1std/quartus/libraries/megafunctions/lpm_mux.inc                                                 ;             ;
; lpm_decode.inc                                                     ; yes             ; Megafunction                                 ; c:/altera_lite/25.1std/quartus/libraries/megafunctions/lpm_decode.inc                                              ;             ;
; a_rdenreg.inc                                                      ; yes             ; Megafunction                                 ; c:/altera_lite/25.1std/quartus/libraries/megafunctions/a_rdenreg.inc                                               ;             ;
; altrom.inc                                                         ; yes             ; Megafunction                                 ; c:/altera_lite/25.1std/quartus/libraries/megafunctions/altrom.inc                                                  ;             ;
; altram.inc                                                         ; yes             ; Megafunction                                 ; c:/altera_lite/25.1std/quartus/libraries/megafunctions/altram.inc                                                  ;             ;
; altdpram.inc                                                       ; yes             ; Megafunction                                 ; c:/altera_lite/25.1std/quartus/libraries/megafunctions/altdpram.inc                                                ;             ;
; db/altsyncram_i824.tdf                                             ; yes             ; Auto-Generated Megafunction                  ; C:/Users/LENOVO THINKPAD T14/Documents/TDM_UATR/db/altsyncram_i824.tdf                                             ;             ;
; altdpram.tdf                                                       ; yes             ; Megafunction                                 ; c:/altera_lite/25.1std/quartus/libraries/megafunctions/altdpram.tdf                                                ;             ;
; memmodes.inc                                                       ; yes             ; Megafunction                                 ; c:/altera_lite/25.1std/quartus/libraries/others/maxplus2/memmodes.inc                                              ;             ;
; a_hdffe.inc                                                        ; yes             ; Megafunction                                 ; c:/altera_lite/25.1std/quartus/libraries/megafunctions/a_hdffe.inc                                                 ;             ;
; alt_le_rden_reg.inc                                                ; yes             ; Megafunction                                 ; c:/altera_lite/25.1std/quartus/libraries/megafunctions/alt_le_rden_reg.inc                                         ;             ;
; altsyncram.inc                                                     ; yes             ; Megafunction                                 ; c:/altera_lite/25.1std/quartus/libraries/megafunctions/altsyncram.inc                                              ;             ;
; lpm_mux.tdf                                                        ; yes             ; Megafunction                                 ; c:/altera_lite/25.1std/quartus/libraries/megafunctions/lpm_mux.tdf                                                 ;             ;
; muxlut.inc                                                         ; yes             ; Megafunction                                 ; c:/altera_lite/25.1std/quartus/libraries/megafunctions/muxlut.inc                                                  ;             ;
; bypassff.inc                                                       ; yes             ; Megafunction                                 ; c:/altera_lite/25.1std/quartus/libraries/megafunctions/bypassff.inc                                                ;             ;
; altshift.inc                                                       ; yes             ; Megafunction                                 ; c:/altera_lite/25.1std/quartus/libraries/megafunctions/altshift.inc                                                ;             ;
; db/mux_0tc.tdf                                                     ; yes             ; Auto-Generated Megafunction                  ; C:/Users/LENOVO THINKPAD T14/Documents/TDM_UATR/db/mux_0tc.tdf                                                     ;             ;
; lpm_decode.tdf                                                     ; yes             ; Megafunction                                 ; c:/altera_lite/25.1std/quartus/libraries/megafunctions/lpm_decode.tdf                                              ;             ;
; declut.inc                                                         ; yes             ; Megafunction                                 ; c:/altera_lite/25.1std/quartus/libraries/megafunctions/declut.inc                                                  ;             ;
; lpm_compare.inc                                                    ; yes             ; Megafunction                                 ; c:/altera_lite/25.1std/quartus/libraries/megafunctions/lpm_compare.inc                                             ;             ;
; db/decode_dvf.tdf                                                  ; yes             ; Auto-Generated Megafunction                  ; C:/Users/LENOVO THINKPAD T14/Documents/TDM_UATR/db/decode_dvf.tdf                                                  ;             ;
; lpm_counter.tdf                                                    ; yes             ; Megafunction                                 ; c:/altera_lite/25.1std/quartus/libraries/megafunctions/lpm_counter.tdf                                             ;             ;
; lpm_add_sub.inc                                                    ; yes             ; Megafunction                                 ; c:/altera_lite/25.1std/quartus/libraries/megafunctions/lpm_add_sub.inc                                             ;             ;
; cmpconst.inc                                                       ; yes             ; Megafunction                                 ; c:/altera_lite/25.1std/quartus/libraries/megafunctions/cmpconst.inc                                                ;             ;
; lpm_counter.inc                                                    ; yes             ; Megafunction                                 ; c:/altera_lite/25.1std/quartus/libraries/megafunctions/lpm_counter.inc                                             ;             ;
; alt_counter_stratix.inc                                            ; yes             ; Megafunction                                 ; c:/altera_lite/25.1std/quartus/libraries/megafunctions/alt_counter_stratix.inc                                     ;             ;
; db/cntr_bii.tdf                                                    ; yes             ; Auto-Generated Megafunction                  ; C:/Users/LENOVO THINKPAD T14/Documents/TDM_UATR/db/cntr_bii.tdf                                                    ;             ;
; db/cmpr_ugc.tdf                                                    ; yes             ; Auto-Generated Megafunction                  ; C:/Users/LENOVO THINKPAD T14/Documents/TDM_UATR/db/cmpr_ugc.tdf                                                    ;             ;
; db/cntr_h6j.tdf                                                    ; yes             ; Auto-Generated Megafunction                  ; C:/Users/LENOVO THINKPAD T14/Documents/TDM_UATR/db/cntr_h6j.tdf                                                    ;             ;
; db/cntr_jgi.tdf                                                    ; yes             ; Auto-Generated Megafunction                  ; C:/Users/LENOVO THINKPAD T14/Documents/TDM_UATR/db/cntr_jgi.tdf                                                    ;             ;
; db/cmpr_rgc.tdf                                                    ; yes             ; Auto-Generated Megafunction                  ; C:/Users/LENOVO THINKPAD T14/Documents/TDM_UATR/db/cmpr_rgc.tdf                                                    ;             ;
; db/cntr_23j.tdf                                                    ; yes             ; Auto-Generated Megafunction                  ; C:/Users/LENOVO THINKPAD T14/Documents/TDM_UATR/db/cntr_23j.tdf                                                    ;             ;
; db/cmpr_ngc.tdf                                                    ; yes             ; Auto-Generated Megafunction                  ; C:/Users/LENOVO THINKPAD T14/Documents/TDM_UATR/db/cmpr_ngc.tdf                                                    ;             ;
; sld_rom_sr.vhd                                                     ; yes             ; Encrypted Megafunction                       ; c:/altera_lite/25.1std/quartus/libraries/megafunctions/sld_rom_sr.vhd                                              ;             ;
; sld_jtag_endpoint_adapter.vhd                                      ; yes             ; Encrypted Megafunction                       ; c:/altera_lite/25.1std/quartus/libraries/megafunctions/sld_jtag_endpoint_adapter.vhd                               ;             ;
; sld_jtag_endpoint_adapter_impl.sv                                  ; yes             ; Encrypted Megafunction                       ; c:/altera_lite/25.1std/quartus/libraries/megafunctions/sld_jtag_endpoint_adapter_impl.sv                           ;             ;
; sld_hub.vhd                                                        ; yes             ; Encrypted Megafunction                       ; c:/altera_lite/25.1std/quartus/libraries/megafunctions/sld_hub.vhd                                                 ; altera_sld  ;
; db/ip/sldc734b212/alt_sld_fab.v                                    ; yes             ; Encrypted Auto-Found Verilog HDL File        ; C:/Users/LENOVO THINKPAD T14/Documents/TDM_UATR/db/ip/sldc734b212/alt_sld_fab.v                                    ; alt_sld_fab ;
; db/ip/sldc734b212/submodules/alt_sld_fab_alt_sld_fab.v             ; yes             ; Encrypted Auto-Found Verilog HDL File        ; C:/Users/LENOVO THINKPAD T14/Documents/TDM_UATR/db/ip/sldc734b212/submodules/alt_sld_fab_alt_sld_fab.v             ; alt_sld_fab ;
; db/ip/sldc734b212/submodules/alt_sld_fab_alt_sld_fab_ident.sv      ; yes             ; Auto-Found SystemVerilog HDL File            ; C:/Users/LENOVO THINKPAD T14/Documents/TDM_UATR/db/ip/sldc734b212/submodules/alt_sld_fab_alt_sld_fab_ident.sv      ; alt_sld_fab ;
; db/ip/sldc734b212/submodules/alt_sld_fab_alt_sld_fab_presplit.sv   ; yes             ; Encrypted Auto-Found SystemVerilog HDL File  ; C:/Users/LENOVO THINKPAD T14/Documents/TDM_UATR/db/ip/sldc734b212/submodules/alt_sld_fab_alt_sld_fab_presplit.sv   ; alt_sld_fab ;
; db/ip/sldc734b212/submodules/alt_sld_fab_alt_sld_fab_sldfabric.vhd ; yes             ; Encrypted Auto-Found VHDL File               ; C:/Users/LENOVO THINKPAD T14/Documents/TDM_UATR/db/ip/sldc734b212/submodules/alt_sld_fab_alt_sld_fab_sldfabric.vhd ; alt_sld_fab ;
; db/ip/sldc734b212/submodules/alt_sld_fab_alt_sld_fab_splitter.sv   ; yes             ; Encrypted Auto-Found SystemVerilog HDL File  ; C:/Users/LENOVO THINKPAD T14/Documents/TDM_UATR/db/ip/sldc734b212/submodules/alt_sld_fab_alt_sld_fab_splitter.sv   ; alt_sld_fab ;
; sld_jtag_hub.vhd                                                   ; yes             ; Encrypted Megafunction                       ; c:/altera_lite/25.1std/quartus/libraries/megafunctions/sld_jtag_hub.vhd                                            ;             ;
+--------------------------------------------------------------------+-----------------+----------------------------------------------+--------------------------------------------------------------------------------------------------------------------+-------------+


+----------------------------------------------------------------+
; Analysis & Synthesis Resource Usage Summary                    ;
+---------------------------------------------+------------------+
; Resource                                    ; Usage            ;
+---------------------------------------------+------------------+
; Estimated Total logic elements              ; 3,987            ;
;                                             ;                  ;
; Total combinational functions               ; 1520             ;
; Logic element usage by number of LUT inputs ;                  ;
;     -- 4 input functions                    ; 721              ;
;     -- 3 input functions                    ; 530              ;
;     -- <=2 input functions                  ; 269              ;
;                                             ;                  ;
; Logic elements by mode                      ;                  ;
;     -- normal mode                          ; 1361             ;
;     -- arithmetic mode                      ; 159              ;
;                                             ;                  ;
; Total registers                             ; 3410             ;
;     -- Dedicated logic registers            ; 3410             ;
;     -- I/O registers                        ; 0                ;
;                                             ;                  ;
; I/O pins                                    ; 16               ;
; Total memory bits                           ; 99840            ;
;                                             ;                  ;
; Embedded Multiplier 9-bit elements          ; 0                ;
;                                             ;                  ;
; Maximum fan-out node                        ; clk_18m432~input ;
; Maximum fan-out                             ; 1903             ;
; Total fan-out                               ; 19187            ;
; Average fan-out                             ; 3.71             ;
+---------------------------------------------+------------------+


+----------------------------------------------------------------------------------------------------------------------------------------------------------------------------------------------------------------------------------------------------------------------------------------------------------------------------------------------------------------------------------------------------------------------------------------------------------------------------------------------------------------------------------------------------------------------------------------------------------------------------------------------------------------------------------+
; Analysis & Synthesis Resource Utilization by Entity                                                                                                                                                                                                                                                                                                                                                                                                                                                                                                                                                                                                                              ;
+-----------------------------------------------------------------------------------------------------------------------------------------+---------------------+---------------------------+-------------+--------------+---------+-----------+------+--------------+----------------------------------------------------------------------------------------------------------------------------------------------------------------------------------------------------------------------------------------------------------------------------------------------------------------------------------------------------------+-----------------------------------+--------------+
; Compilation Hierarchy Node                                                                                                              ; Combinational ALUTs ; Dedicated Logic Registers ; Memory Bits ; DSP Elements ; DSP 9x9 ; DSP 18x18 ; Pins ; Virtual Pins ; Full Hierarchy Name                                                                                                                                                                                                                                                                                                                                      ; Entity Name                       ; Library Name ;
+-----------------------------------------------------------------------------------------------------------------------------------------+---------------------+---------------------------+-------------+--------------+---------+-----------+------+--------------+----------------------------------------------------------------------------------------------------------------------------------------------------------------------------------------------------------------------------------------------------------------------------------------------------------------------------------------------------------+-----------------------------------+--------------+
; |top_loopback                                                                                                                           ; 1520 (362)          ; 3410 (254)                ; 99840       ; 0            ; 0       ; 0         ; 16   ; 0            ; |top_loopback                                                                                                                                                                                                                                                                                                                                            ; top_loopback                      ; work         ;
;    |seven_seg_driver:u_display|                                                                                                         ; 41 (41)             ; 18 (18)                   ; 0           ; 0            ; 0       ; 0         ; 0    ; 0            ; |top_loopback|seven_seg_driver:u_display                                                                                                                                                                                                                                                                                                                 ; seven_seg_driver                  ; work         ;
;    |sld_hub:auto_hub|                                                                                                                   ; 126 (1)             ; 90 (0)                    ; 0           ; 0            ; 0       ; 0         ; 0    ; 0            ; |top_loopback|sld_hub:auto_hub                                                                                                                                                                                                                                                                                                                           ; sld_hub                           ; altera_sld   ;
;       |alt_sld_fab_with_jtag_input:\instrumentation_fabric_with_node_gen:fabric_gen_new_way:with_jtag_input_gen:instrumentation_fabric| ; 125 (0)             ; 90 (0)                    ; 0           ; 0            ; 0       ; 0         ; 0    ; 0            ; |top_loopback|sld_hub:auto_hub|alt_sld_fab_with_jtag_input:\instrumentation_fabric_with_node_gen:fabric_gen_new_way:with_jtag_input_gen:instrumentation_fabric                                                                                                                                                                                           ; alt_sld_fab_with_jtag_input       ; altera_sld   ;
;          |alt_sld_fab:instrumentation_fabric|                                                                                           ; 125 (0)             ; 90 (0)                    ; 0           ; 0            ; 0       ; 0         ; 0    ; 0            ; |top_loopback|sld_hub:auto_hub|alt_sld_fab_with_jtag_input:\instrumentation_fabric_with_node_gen:fabric_gen_new_way:with_jtag_input_gen:instrumentation_fabric|alt_sld_fab:instrumentation_fabric                                                                                                                                                        ; alt_sld_fab                       ; alt_sld_fab  ;
;             |alt_sld_fab_alt_sld_fab:alt_sld_fab|                                                                                       ; 125 (1)             ; 90 (5)                    ; 0           ; 0            ; 0       ; 0         ; 0    ; 0            ; |top_loopback|sld_hub:auto_hub|alt_sld_fab_with_jtag_input:\instrumentation_fabric_with_node_gen:fabric_gen_new_way:with_jtag_input_gen:instrumentation_fabric|alt_sld_fab:instrumentation_fabric|alt_sld_fab_alt_sld_fab:alt_sld_fab                                                                                                                    ; alt_sld_fab_alt_sld_fab           ; alt_sld_fab  ;
;                |alt_sld_fab_alt_sld_fab_sldfabric:sldfabric|                                                                            ; 124 (0)             ; 85 (0)                    ; 0           ; 0            ; 0       ; 0         ; 0    ; 0            ; |top_loopback|sld_hub:auto_hub|alt_sld_fab_with_jtag_input:\instrumentation_fabric_with_node_gen:fabric_gen_new_way:with_jtag_input_gen:instrumentation_fabric|alt_sld_fab:instrumentation_fabric|alt_sld_fab_alt_sld_fab:alt_sld_fab|alt_sld_fab_alt_sld_fab_sldfabric:sldfabric                                                                        ; alt_sld_fab_alt_sld_fab_sldfabric ; alt_sld_fab  ;
;                   |sld_jtag_hub:\jtag_hub_gen:real_sld_jtag_hub|                                                                        ; 124 (85)            ; 85 (57)                   ; 0           ; 0            ; 0       ; 0         ; 0    ; 0            ; |top_loopback|sld_hub:auto_hub|alt_sld_fab_with_jtag_input:\instrumentation_fabric_with_node_gen:fabric_gen_new_way:with_jtag_input_gen:instrumentation_fabric|alt_sld_fab:instrumentation_fabric|alt_sld_fab_alt_sld_fab:alt_sld_fab|alt_sld_fab_alt_sld_fab_sldfabric:sldfabric|sld_jtag_hub:\jtag_hub_gen:real_sld_jtag_hub                           ; sld_jtag_hub                      ; work         ;
;                      |sld_rom_sr:hub_info_reg|                                                                                          ; 21 (21)             ; 9 (9)                     ; 0           ; 0            ; 0       ; 0         ; 0    ; 0            ; |top_loopback|sld_hub:auto_hub|alt_sld_fab_with_jtag_input:\instrumentation_fabric_with_node_gen:fabric_gen_new_way:with_jtag_input_gen:instrumentation_fabric|alt_sld_fab:instrumentation_fabric|alt_sld_fab_alt_sld_fab:alt_sld_fab|alt_sld_fab_alt_sld_fab_sldfabric:sldfabric|sld_jtag_hub:\jtag_hub_gen:real_sld_jtag_hub|sld_rom_sr:hub_info_reg   ; sld_rom_sr                        ; work         ;
;                      |sld_shadow_jsm:shadow_jsm|                                                                                        ; 18 (18)             ; 19 (19)                   ; 0           ; 0            ; 0       ; 0         ; 0    ; 0            ; |top_loopback|sld_hub:auto_hub|alt_sld_fab_with_jtag_input:\instrumentation_fabric_with_node_gen:fabric_gen_new_way:with_jtag_input_gen:instrumentation_fabric|alt_sld_fab:instrumentation_fabric|alt_sld_fab_alt_sld_fab:alt_sld_fab|alt_sld_fab_alt_sld_fab_sldfabric:sldfabric|sld_jtag_hub:\jtag_hub_gen:real_sld_jtag_hub|sld_shadow_jsm:shadow_jsm ; sld_shadow_jsm                    ; altera_sld   ;
;    |sld_signaltap:auto_signaltap_0|                                                                                                     ; 977 (2)             ; 2654 (390)                ; 99840       ; 0            ; 0       ; 0         ; 0    ; 0            ; |top_loopback|sld_signaltap:auto_signaltap_0                                                                                                                                                                                                                                                                                                             ; sld_signaltap                     ; work         ;
;       |sld_signaltap_impl:sld_signaltap_body|                                                                                           ; 975 (0)             ; 2264 (0)                  ; 99840       ; 0            ; 0       ; 0         ; 0    ; 0            ; |top_loopback|sld_signaltap:auto_signaltap_0|sld_signaltap_impl:sld_signaltap_body                                                                                                                                                                                                                                                                       ; sld_signaltap_impl                ; work         ;
;          |sld_signaltap_implb:sld_signaltap_body|                                                                                       ; 975 (88)            ; 2264 (858)                ; 99840       ; 0            ; 0       ; 0         ; 0    ; 0            ; |top_loopback|sld_signaltap:auto_signaltap_0|sld_signaltap_impl:sld_signaltap_body|sld_signaltap_implb:sld_signaltap_body                                                                                                                                                                                                                                ; sld_signaltap_implb               ; work         ;
;             |altdpram:\stp_non_zero_ram_gen:attribute_mem_gen:attribute_mem|                                                            ; 21 (0)              ; 58 (58)                   ; 0           ; 0            ; 0       ; 0         ; 0    ; 0            ; |top_loopback|sld_signaltap:auto_signaltap_0|sld_signaltap_impl:sld_signaltap_body|sld_signaltap_implb:sld_signaltap_body|altdpram:\stp_non_zero_ram_gen:attribute_mem_gen:attribute_mem                                                                                                                                                                 ; altdpram                          ; work         ;
;                |lpm_decode:wdecoder|                                                                                                    ; 2 (0)               ; 0 (0)                     ; 0           ; 0            ; 0       ; 0         ; 0    ; 0            ; |top_loopback|sld_signaltap:auto_signaltap_0|sld_signaltap_impl:sld_signaltap_body|sld_signaltap_implb:sld_signaltap_body|altdpram:\stp_non_zero_ram_gen:attribute_mem_gen:attribute_mem|lpm_decode:wdecoder                                                                                                                                             ; lpm_decode                        ; work         ;
;                   |decode_dvf:auto_generated|                                                                                           ; 2 (2)               ; 0 (0)                     ; 0           ; 0            ; 0       ; 0         ; 0    ; 0            ; |top_loopback|sld_signaltap:auto_signaltap_0|sld_signaltap_impl:sld_signaltap_body|sld_signaltap_implb:sld_signaltap_body|altdpram:\stp_non_zero_ram_gen:attribute_mem_gen:attribute_mem|lpm_decode:wdecoder|decode_dvf:auto_generated                                                                                                                   ; decode_dvf                        ; work         ;
;                |lpm_mux:mux|                                                                                                            ; 19 (0)              ; 0 (0)                     ; 0           ; 0            ; 0       ; 0         ; 0    ; 0            ; |top_loopback|sld_signaltap:auto_signaltap_0|sld_signaltap_impl:sld_signaltap_body|sld_signaltap_implb:sld_signaltap_body|altdpram:\stp_non_zero_ram_gen:attribute_mem_gen:attribute_mem|lpm_mux:mux                                                                                                                                                     ; lpm_mux                           ; work         ;
;                   |mux_0tc:auto_generated|                                                                                              ; 19 (19)             ; 0 (0)                     ; 0           ; 0            ; 0       ; 0         ; 0    ; 0            ; |top_loopback|sld_signaltap:auto_signaltap_0|sld_signaltap_impl:sld_signaltap_body|sld_signaltap_implb:sld_signaltap_body|altdpram:\stp_non_zero_ram_gen:attribute_mem_gen:attribute_mem|lpm_mux:mux|mux_0tc:auto_generated                                                                                                                              ; mux_0tc                           ; work         ;
;             |altsyncram:\stp_non_zero_ram_gen:stp_buffer_ram|                                                                           ; 0 (0)               ; 0 (0)                     ; 99840       ; 0            ; 0       ; 0         ; 0    ; 0            ; |top_loopback|sld_signaltap:auto_signaltap_0|sld_signaltap_impl:sld_signaltap_body|sld_signaltap_implb:sld_signaltap_body|altsyncram:\stp_non_zero_ram_gen:stp_buffer_ram                                                                                                                                                                                ; altsyncram                        ; work         ;
;                |altsyncram_i824:auto_generated|                                                                                         ; 0 (0)               ; 0 (0)                     ; 99840       ; 0            ; 0       ; 0         ; 0    ; 0            ; |top_loopback|sld_signaltap:auto_signaltap_0|sld_signaltap_impl:sld_signaltap_body|sld_signaltap_implb:sld_signaltap_body|altsyncram:\stp_non_zero_ram_gen:stp_buffer_ram|altsyncram_i824:auto_generated                                                                                                                                                 ; altsyncram_i824                   ; work         ;
;             |lpm_shiftreg:segment_offset_config_deserialize|                                                                            ; 0 (0)               ; 9 (9)                     ; 0           ; 0            ; 0       ; 0         ; 0    ; 0            ; |top_loopback|sld_signaltap:auto_signaltap_0|sld_signaltap_impl:sld_signaltap_body|sld_signaltap_implb:sld_signaltap_body|lpm_shiftreg:segment_offset_config_deserialize                                                                                                                                                                                 ; lpm_shiftreg                      ; work         ;
;             |lpm_shiftreg:status_register|                                                                                              ; 17 (17)             ; 17 (17)                   ; 0           ; 0            ; 0       ; 0         ; 0    ; 0            ; |top_loopback|sld_signaltap:auto_signaltap_0|sld_signaltap_impl:sld_signaltap_body|sld_signaltap_implb:sld_signaltap_body|lpm_shiftreg:status_register                                                                                                                                                                                                   ; lpm_shiftreg                      ; work         ;
;             |serial_crc_16:\tdo_crc_gen:tdo_crc_calc|                                                                                   ; 14 (14)             ; 13 (13)                   ; 0           ; 0            ; 0       ; 0         ; 0    ; 0            ; |top_loopback|sld_signaltap:auto_signaltap_0|sld_signaltap_impl:sld_signaltap_body|sld_signaltap_implb:sld_signaltap_body|serial_crc_16:\tdo_crc_gen:tdo_crc_calc                                                                                                                                                                                        ; serial_crc_16                     ; work         ;
;             |sld_buffer_manager:sld_buffer_manager_inst|                                                                                ; 74 (74)             ; 54 (54)                   ; 0           ; 0            ; 0       ; 0         ; 0    ; 0            ; |top_loopback|sld_signaltap:auto_signaltap_0|sld_signaltap_impl:sld_signaltap_body|sld_signaltap_implb:sld_signaltap_body|sld_buffer_manager:sld_buffer_manager_inst                                                                                                                                                                                     ; sld_buffer_manager                ; work         ;
;             |sld_ela_control:ela_control|                                                                                               ; 458 (1)             ; 991 (1)                   ; 0           ; 0            ; 0       ; 0         ; 0    ; 0            ; |top_loopback|sld_signaltap:auto_signaltap_0|sld_signaltap_impl:sld_signaltap_body|sld_signaltap_implb:sld_signaltap_body|sld_ela_control:ela_control                                                                                                                                                                                                    ; sld_ela_control                   ; work         ;
;                |lpm_shiftreg:trigger_config_deserialize|                                                                                ; 0 (0)               ; 4 (4)                     ; 0           ; 0            ; 0       ; 0         ; 0    ; 0            ; |top_loopback|sld_signaltap:auto_signaltap_0|sld_signaltap_impl:sld_signaltap_body|sld_signaltap_implb:sld_signaltap_body|sld_ela_control:ela_control|lpm_shiftreg:trigger_config_deserialize                                                                                                                                                            ; lpm_shiftreg                      ; work         ;
;                |sld_ela_basic_multi_level_trigger:\basic_multi_level_mbpm_trigger_gen:multi_level_mbpm|                                 ; 390 (0)             ; 975 (0)                   ; 0           ; 0            ; 0       ; 0         ; 0    ; 0            ; |top_loopback|sld_signaltap:auto_signaltap_0|sld_signaltap_impl:sld_signaltap_body|sld_signaltap_implb:sld_signaltap_body|sld_ela_control:ela_control|sld_ela_basic_multi_level_trigger:\basic_multi_level_mbpm_trigger_gen:multi_level_mbpm                                                                                                             ; sld_ela_basic_multi_level_trigger ; work         ;
;                   |lpm_shiftreg:trigger_condition_deserialize|                                                                          ; 0 (0)               ; 585 (585)                 ; 0           ; 0            ; 0       ; 0         ; 0    ; 0            ; |top_loopback|sld_signaltap:auto_signaltap_0|sld_signaltap_impl:sld_signaltap_body|sld_signaltap_implb:sld_signaltap_body|sld_ela_control:ela_control|sld_ela_basic_multi_level_trigger:\basic_multi_level_mbpm_trigger_gen:multi_level_mbpm|lpm_shiftreg:trigger_condition_deserialize                                                                  ; lpm_shiftreg                      ; work         ;
;                   |sld_mbpmg:\trigger_modules_gen:0:trigger_match|                                                                      ; 390 (0)             ; 390 (0)                   ; 0           ; 0            ; 0       ; 0         ; 0    ; 0            ; |top_loopback|sld_signaltap:auto_signaltap_0|sld_signaltap_impl:sld_signaltap_body|sld_signaltap_implb:sld_signaltap_body|sld_ela_control:ela_control|sld_ela_basic_multi_level_trigger:\basic_multi_level_mbpm_trigger_gen:multi_level_mbpm|sld_mbpmg:\trigger_modules_gen:0:trigger_match                                                              ; sld_mbpmg                         ; work         ;
;                      |sld_sbpmg:\gen_sbpmg_pipeline_less_than_two:sm0:0:sm1|                                                            ; 2 (2)               ; 2 (2)                     ; 0           ; 0            ; 0       ; 0         ; 0    ; 0            ; |top_loopback|sld_signaltap:auto_signaltap_0|sld_signaltap_impl:sld_signaltap_body|sld_signaltap_implb:sld_signaltap_body|sld_ela_control:ela_control|sld_ela_basic_multi_level_trigger:\basic_multi_level_mbpm_trigger_gen:multi_level_mbpm|sld_mbpmg:\trigger_modules_gen:0:trigger_match|sld_sbpmg:\gen_sbpmg_pipeline_less_than_two:sm0:0:sm1        ; sld_sbpmg                         ; work         ;
;                      |sld_sbpmg:\gen_sbpmg_pipeline_less_than_two:sm0:100:sm1|                                                          ; 2 (2)               ; 2 (2)                     ; 0           ; 0            ; 0       ; 0         ; 0    ; 0            ; |top_loopback|sld_signaltap:auto_signaltap_0|sld_signaltap_impl:sld_signaltap_body|sld_signaltap_implb:sld_signaltap_body|sld_ela_control:ela_control|sld_ela_basic_multi_level_trigger:\basic_multi_level_mbpm_trigger_gen:multi_level_mbpm|sld_mbpmg:\trigger_modules_gen:0:trigger_match|sld_sbpmg:\gen_sbpmg_pipeline_less_than_two:sm0:100:sm1      ; sld_sbpmg                         ; work         ;
;                      |sld_sbpmg:\gen_sbpmg_pipeline_less_than_two:sm0:101:sm1|                                                          ; 2 (2)               ; 2 (2)                     ; 0           ; 0            ; 0       ; 0         ; 0    ; 0            ; |top_loopback|sld_signaltap:auto_signaltap_0|sld_signaltap_impl:sld_signaltap_body|sld_signaltap_implb:sld_signaltap_body|sld_ela_control:ela_control|sld_ela_basic_multi_level_trigger:\basic_multi_level_mbpm_trigger_gen:multi_level_mbpm|sld_mbpmg:\trigger_modules_gen:0:trigger_match|sld_sbpmg:\gen_sbpmg_pipeline_less_than_two:sm0:101:sm1      ; sld_sbpmg                         ; work         ;
;                      |sld_sbpmg:\gen_sbpmg_pipeline_less_than_two:sm0:102:sm1|                                                          ; 2 (2)               ; 2 (2)                     ; 0           ; 0            ; 0       ; 0         ; 0    ; 0            ; |top_loopback|sld_signaltap:auto_signaltap_0|sld_signaltap_impl:sld_signaltap_body|sld_signaltap_implb:sld_signaltap_body|sld_ela_control:ela_control|sld_ela_basic_multi_level_trigger:\basic_multi_level_mbpm_trigger_gen:multi_level_mbpm|sld_mbpmg:\trigger_modules_gen:0:trigger_match|sld_sbpmg:\gen_sbpmg_pipeline_less_than_two:sm0:102:sm1      ; sld_sbpmg                         ; work         ;
;                      |sld_sbpmg:\gen_sbpmg_pipeline_less_than_two:sm0:103:sm1|                                                          ; 2 (2)               ; 2 (2)                     ; 0           ; 0            ; 0       ; 0         ; 0    ; 0            ; |top_loopback|sld_signaltap:auto_signaltap_0|sld_signaltap_impl:sld_signaltap_body|sld_signaltap_implb:sld_signaltap_body|sld_ela_control:ela_control|sld_ela_basic_multi_level_trigger:\basic_multi_level_mbpm_trigger_gen:multi_level_mbpm|sld_mbpmg:\trigger_modules_gen:0:trigger_match|sld_sbpmg:\gen_sbpmg_pipeline_less_than_two:sm0:103:sm1      ; sld_sbpmg                         ; work         ;
;                      |sld_sbpmg:\gen_sbpmg_pipeline_less_than_two:sm0:104:sm1|                                                          ; 2 (2)               ; 2 (2)                     ; 0           ; 0            ; 0       ; 0         ; 0    ; 0            ; |top_loopback|sld_signaltap:auto_signaltap_0|sld_signaltap_impl:sld_signaltap_body|sld_signaltap_implb:sld_signaltap_body|sld_ela_control:ela_control|sld_ela_basic_multi_level_trigger:\basic_multi_level_mbpm_trigger_gen:multi_level_mbpm|sld_mbpmg:\trigger_modules_gen:0:trigger_match|sld_sbpmg:\gen_sbpmg_pipeline_less_than_two:sm0:104:sm1      ; sld_sbpmg                         ; work         ;
;                      |sld_sbpmg:\gen_sbpmg_pipeline_less_than_two:sm0:105:sm1|                                                          ; 2 (2)               ; 2 (2)                     ; 0           ; 0            ; 0       ; 0         ; 0    ; 0            ; |top_loopback|sld_signaltap:auto_signaltap_0|sld_signaltap_impl:sld_signaltap_body|sld_signaltap_implb:sld_signaltap_body|sld_ela_control:ela_control|sld_ela_basic_multi_level_trigger:\basic_multi_level_mbpm_trigger_gen:multi_level_mbpm|sld_mbpmg:\trigger_modules_gen:0:trigger_match|sld_sbpmg:\gen_sbpmg_pipeline_less_than_two:sm0:105:sm1      ; sld_sbpmg                         ; work         ;
;                      |sld_sbpmg:\gen_sbpmg_pipeline_less_than_two:sm0:106:sm1|                                                          ; 2 (2)               ; 2 (2)                     ; 0           ; 0            ; 0       ; 0         ; 0    ; 0            ; |top_loopback|sld_signaltap:auto_signaltap_0|sld_signaltap_impl:sld_signaltap_body|sld_signaltap_implb:sld_signaltap_body|sld_ela_control:ela_control|sld_ela_basic_multi_level_trigger:\basic_multi_level_mbpm_trigger_gen:multi_level_mbpm|sld_mbpmg:\trigger_modules_gen:0:trigger_match|sld_sbpmg:\gen_sbpmg_pipeline_less_than_two:sm0:106:sm1      ; sld_sbpmg                         ; work         ;
;                      |sld_sbpmg:\gen_sbpmg_pipeline_less_than_two:sm0:107:sm1|                                                          ; 2 (2)               ; 2 (2)                     ; 0           ; 0            ; 0       ; 0         ; 0    ; 0            ; |top_loopback|sld_signaltap:auto_signaltap_0|sld_signaltap_impl:sld_signaltap_body|sld_signaltap_implb:sld_signaltap_body|sld_ela_control:ela_control|sld_ela_basic_multi_level_trigger:\basic_multi_level_mbpm_trigger_gen:multi_level_mbpm|sld_mbpmg:\trigger_modules_gen:0:trigger_match|sld_sbpmg:\gen_sbpmg_pipeline_less_than_two:sm0:107:sm1      ; sld_sbpmg                         ; work         ;
;                      |sld_sbpmg:\gen_sbpmg_pipeline_less_than_two:sm0:108:sm1|                                                          ; 2 (2)               ; 2 (2)                     ; 0           ; 0            ; 0       ; 0         ; 0    ; 0            ; |top_loopback|sld_signaltap:auto_signaltap_0|sld_signaltap_impl:sld_signaltap_body|sld_signaltap_implb:sld_signaltap_body|sld_ela_control:ela_control|sld_ela_basic_multi_level_trigger:\basic_multi_level_mbpm_trigger_gen:multi_level_mbpm|sld_mbpmg:\trigger_modules_gen:0:trigger_match|sld_sbpmg:\gen_sbpmg_pipeline_less_than_two:sm0:108:sm1      ; sld_sbpmg                         ; work         ;
;                      |sld_sbpmg:\gen_sbpmg_pipeline_less_than_two:sm0:109:sm1|                                                          ; 2 (2)               ; 2 (2)                     ; 0           ; 0            ; 0       ; 0         ; 0    ; 0            ; |top_loopback|sld_signaltap:auto_signaltap_0|sld_signaltap_impl:sld_signaltap_body|sld_signaltap_implb:sld_signaltap_body|sld_ela_control:ela_control|sld_ela_basic_multi_level_trigger:\basic_multi_level_mbpm_trigger_gen:multi_level_mbpm|sld_mbpmg:\trigger_modules_gen:0:trigger_match|sld_sbpmg:\gen_sbpmg_pipeline_less_than_two:sm0:109:sm1      ; sld_sbpmg                         ; work         ;
;                      |sld_sbpmg:\gen_sbpmg_pipeline_less_than_two:sm0:10:sm1|                                                           ; 2 (2)               ; 2 (2)                     ; 0           ; 0            ; 0       ; 0         ; 0    ; 0            ; |top_loopback|sld_signaltap:auto_signaltap_0|sld_signaltap_impl:sld_signaltap_body|sld_signaltap_implb:sld_signaltap_body|sld_ela_control:ela_control|sld_ela_basic_multi_level_trigger:\basic_multi_level_mbpm_trigger_gen:multi_level_mbpm|sld_mbpmg:\trigger_modules_gen:0:trigger_match|sld_sbpmg:\gen_sbpmg_pipeline_less_than_two:sm0:10:sm1       ; sld_sbpmg                         ; work         ;
;                      |sld_sbpmg:\gen_sbpmg_pipeline_less_than_two:sm0:110:sm1|                                                          ; 2 (2)               ; 2 (2)                     ; 0           ; 0            ; 0       ; 0         ; 0    ; 0            ; |top_loopback|sld_signaltap:auto_signaltap_0|sld_signaltap_impl:sld_signaltap_body|sld_signaltap_implb:sld_signaltap_body|sld_ela_control:ela_control|sld_ela_basic_multi_level_trigger:\basic_multi_level_mbpm_trigger_gen:multi_level_mbpm|sld_mbpmg:\trigger_modules_gen:0:trigger_match|sld_sbpmg:\gen_sbpmg_pipeline_less_than_two:sm0:110:sm1      ; sld_sbpmg                         ; work         ;
;                      |sld_sbpmg:\gen_sbpmg_pipeline_less_than_two:sm0:111:sm1|                                                          ; 2 (2)               ; 2 (2)                     ; 0           ; 0            ; 0       ; 0         ; 0    ; 0            ; |top_loopback|sld_signaltap:auto_signaltap_0|sld_signaltap_impl:sld_signaltap_body|sld_signaltap_implb:sld_signaltap_body|sld_ela_control:ela_control|sld_ela_basic_multi_level_trigger:\basic_multi_level_mbpm_trigger_gen:multi_level_mbpm|sld_mbpmg:\trigger_modules_gen:0:trigger_match|sld_sbpmg:\gen_sbpmg_pipeline_less_than_two:sm0:111:sm1      ; sld_sbpmg                         ; work         ;
;                      |sld_sbpmg:\gen_sbpmg_pipeline_less_than_two:sm0:112:sm1|                                                          ; 2 (2)               ; 2 (2)                     ; 0           ; 0            ; 0       ; 0         ; 0    ; 0            ; |top_loopback|sld_signaltap:auto_signaltap_0|sld_signaltap_impl:sld_signaltap_body|sld_signaltap_implb:sld_signaltap_body|sld_ela_control:ela_control|sld_ela_basic_multi_level_trigger:\basic_multi_level_mbpm_trigger_gen:multi_level_mbpm|sld_mbpmg:\trigger_modules_gen:0:trigger_match|sld_sbpmg:\gen_sbpmg_pipeline_less_than_two:sm0:112:sm1      ; sld_sbpmg                         ; work         ;
;                      |sld_sbpmg:\gen_sbpmg_pipeline_less_than_two:sm0:113:sm1|                                                          ; 2 (2)               ; 2 (2)                     ; 0           ; 0            ; 0       ; 0         ; 0    ; 0            ; |top_loopback|sld_signaltap:auto_signaltap_0|sld_signaltap_impl:sld_signaltap_body|sld_signaltap_implb:sld_signaltap_body|sld_ela_control:ela_control|sld_ela_basic_multi_level_trigger:\basic_multi_level_mbpm_trigger_gen:multi_level_mbpm|sld_mbpmg:\trigger_modules_gen:0:trigger_match|sld_sbpmg:\gen_sbpmg_pipeline_less_than_two:sm0:113:sm1      ; sld_sbpmg                         ; work         ;
;                      |sld_sbpmg:\gen_sbpmg_pipeline_less_than_two:sm0:114:sm1|                                                          ; 2 (2)               ; 2 (2)                     ; 0           ; 0            ; 0       ; 0         ; 0    ; 0            ; |top_loopback|sld_signaltap:auto_signaltap_0|sld_signaltap_impl:sld_signaltap_body|sld_signaltap_implb:sld_signaltap_body|sld_ela_control:ela_control|sld_ela_basic_multi_level_trigger:\basic_multi_level_mbpm_trigger_gen:multi_level_mbpm|sld_mbpmg:\trigger_modules_gen:0:trigger_match|sld_sbpmg:\gen_sbpmg_pipeline_less_than_two:sm0:114:sm1      ; sld_sbpmg                         ; work         ;
;                      |sld_sbpmg:\gen_sbpmg_pipeline_less_than_two:sm0:115:sm1|                                                          ; 2 (2)               ; 2 (2)                     ; 0           ; 0            ; 0       ; 0         ; 0    ; 0            ; |top_loopback|sld_signaltap:auto_signaltap_0|sld_signaltap_impl:sld_signaltap_body|sld_signaltap_implb:sld_signaltap_body|sld_ela_control:ela_control|sld_ela_basic_multi_level_trigger:\basic_multi_level_mbpm_trigger_gen:multi_level_mbpm|sld_mbpmg:\trigger_modules_gen:0:trigger_match|sld_sbpmg:\gen_sbpmg_pipeline_less_than_two:sm0:115:sm1      ; sld_sbpmg                         ; work         ;
;                      |sld_sbpmg:\gen_sbpmg_pipeline_less_than_two:sm0:116:sm1|                                                          ; 2 (2)               ; 2 (2)                     ; 0           ; 0            ; 0       ; 0         ; 0    ; 0            ; |top_loopback|sld_signaltap:auto_signaltap_0|sld_signaltap_impl:sld_signaltap_body|sld_signaltap_implb:sld_signaltap_body|sld_ela_control:ela_control|sld_ela_basic_multi_level_trigger:\basic_multi_level_mbpm_trigger_gen:multi_level_mbpm|sld_mbpmg:\trigger_modules_gen:0:trigger_match|sld_sbpmg:\gen_sbpmg_pipeline_less_than_two:sm0:116:sm1      ; sld_sbpmg                         ; work         ;
;                      |sld_sbpmg:\gen_sbpmg_pipeline_less_than_two:sm0:117:sm1|                                                          ; 2 (2)               ; 2 (2)                     ; 0           ; 0            ; 0       ; 0         ; 0    ; 0            ; |top_loopback|sld_signaltap:auto_signaltap_0|sld_signaltap_impl:sld_signaltap_body|sld_signaltap_implb:sld_signaltap_body|sld_ela_control:ela_control|sld_ela_basic_multi_level_trigger:\basic_multi_level_mbpm_trigger_gen:multi_level_mbpm|sld_mbpmg:\trigger_modules_gen:0:trigger_match|sld_sbpmg:\gen_sbpmg_pipeline_less_than_two:sm0:117:sm1      ; sld_sbpmg                         ; work         ;
;                      |sld_sbpmg:\gen_sbpmg_pipeline_less_than_two:sm0:118:sm1|                                                          ; 2 (2)               ; 2 (2)                     ; 0           ; 0            ; 0       ; 0         ; 0    ; 0            ; |top_loopback|sld_signaltap:auto_signaltap_0|sld_signaltap_impl:sld_signaltap_body|sld_signaltap_implb:sld_signaltap_body|sld_ela_control:ela_control|sld_ela_basic_multi_level_trigger:\basic_multi_level_mbpm_trigger_gen:multi_level_mbpm|sld_mbpmg:\trigger_modules_gen:0:trigger_match|sld_sbpmg:\gen_sbpmg_pipeline_less_than_two:sm0:118:sm1      ; sld_sbpmg                         ; work         ;
;                      |sld_sbpmg:\gen_sbpmg_pipeline_less_than_two:sm0:119:sm1|                                                          ; 2 (2)               ; 2 (2)                     ; 0           ; 0            ; 0       ; 0         ; 0    ; 0            ; |top_loopback|sld_signaltap:auto_signaltap_0|sld_signaltap_impl:sld_signaltap_body|sld_signaltap_implb:sld_signaltap_body|sld_ela_control:ela_control|sld_ela_basic_multi_level_trigger:\basic_multi_level_mbpm_trigger_gen:multi_level_mbpm|sld_mbpmg:\trigger_modules_gen:0:trigger_match|sld_sbpmg:\gen_sbpmg_pipeline_less_than_two:sm0:119:sm1      ; sld_sbpmg                         ; work         ;
;                      |sld_sbpmg:\gen_sbpmg_pipeline_less_than_two:sm0:11:sm1|                                                           ; 2 (2)               ; 2 (2)                     ; 0           ; 0            ; 0       ; 0         ; 0    ; 0            ; |top_loopback|sld_signaltap:auto_signaltap_0|sld_signaltap_impl:sld_signaltap_body|sld_signaltap_implb:sld_signaltap_body|sld_ela_control:ela_control|sld_ela_basic_multi_level_trigger:\basic_multi_level_mbpm_trigger_gen:multi_level_mbpm|sld_mbpmg:\trigger_modules_gen:0:trigger_match|sld_sbpmg:\gen_sbpmg_pipeline_less_than_two:sm0:11:sm1       ; sld_sbpmg                         ; work         ;
;                      |sld_sbpmg:\gen_sbpmg_pipeline_less_than_two:sm0:120:sm1|                                                          ; 2 (2)               ; 2 (2)                     ; 0           ; 0            ; 0       ; 0         ; 0    ; 0            ; |top_loopback|sld_signaltap:auto_signaltap_0|sld_signaltap_impl:sld_signaltap_body|sld_signaltap_implb:sld_signaltap_body|sld_ela_control:ela_control|sld_ela_basic_multi_level_trigger:\basic_multi_level_mbpm_trigger_gen:multi_level_mbpm|sld_mbpmg:\trigger_modules_gen:0:trigger_match|sld_sbpmg:\gen_sbpmg_pipeline_less_than_two:sm0:120:sm1      ; sld_sbpmg                         ; work         ;
;                      |sld_sbpmg:\gen_sbpmg_pipeline_less_than_two:sm0:121:sm1|                                                          ; 2 (2)               ; 2 (2)                     ; 0           ; 0            ; 0       ; 0         ; 0    ; 0            ; |top_loopback|sld_signaltap:auto_signaltap_0|sld_signaltap_impl:sld_signaltap_body|sld_signaltap_implb:sld_signaltap_body|sld_ela_control:ela_control|sld_ela_basic_multi_level_trigger:\basic_multi_level_mbpm_trigger_gen:multi_level_mbpm|sld_mbpmg:\trigger_modules_gen:0:trigger_match|sld_sbpmg:\gen_sbpmg_pipeline_less_than_two:sm0:121:sm1      ; sld_sbpmg                         ; work         ;
;                      |sld_sbpmg:\gen_sbpmg_pipeline_less_than_two:sm0:122:sm1|                                                          ; 2 (2)               ; 2 (2)                     ; 0           ; 0            ; 0       ; 0         ; 0    ; 0            ; |top_loopback|sld_signaltap:auto_signaltap_0|sld_signaltap_impl:sld_signaltap_body|sld_signaltap_implb:sld_signaltap_body|sld_ela_control:ela_control|sld_ela_basic_multi_level_trigger:\basic_multi_level_mbpm_trigger_gen:multi_level_mbpm|sld_mbpmg:\trigger_modules_gen:0:trigger_match|sld_sbpmg:\gen_sbpmg_pipeline_less_than_two:sm0:122:sm1      ; sld_sbpmg                         ; work         ;
;                      |sld_sbpmg:\gen_sbpmg_pipeline_less_than_two:sm0:123:sm1|                                                          ; 2 (2)               ; 2 (2)                     ; 0           ; 0            ; 0       ; 0         ; 0    ; 0            ; |top_loopback|sld_signaltap:auto_signaltap_0|sld_signaltap_impl:sld_signaltap_body|sld_signaltap_implb:sld_signaltap_body|sld_ela_control:ela_control|sld_ela_basic_multi_level_trigger:\basic_multi_level_mbpm_trigger_gen:multi_level_mbpm|sld_mbpmg:\trigger_modules_gen:0:trigger_match|sld_sbpmg:\gen_sbpmg_pipeline_less_than_two:sm0:123:sm1      ; sld_sbpmg                         ; work         ;
;                      |sld_sbpmg:\gen_sbpmg_pipeline_less_than_two:sm0:124:sm1|                                                          ; 2 (2)               ; 2 (2)                     ; 0           ; 0            ; 0       ; 0         ; 0    ; 0            ; |top_loopback|sld_signaltap:auto_signaltap_0|sld_signaltap_impl:sld_signaltap_body|sld_signaltap_implb:sld_signaltap_body|sld_ela_control:ela_control|sld_ela_basic_multi_level_trigger:\basic_multi_level_mbpm_trigger_gen:multi_level_mbpm|sld_mbpmg:\trigger_modules_gen:0:trigger_match|sld_sbpmg:\gen_sbpmg_pipeline_less_than_two:sm0:124:sm1      ; sld_sbpmg                         ; work         ;
;                      |sld_sbpmg:\gen_sbpmg_pipeline_less_than_two:sm0:125:sm1|                                                          ; 2 (2)               ; 2 (2)                     ; 0           ; 0            ; 0       ; 0         ; 0    ; 0            ; |top_loopback|sld_signaltap:auto_signaltap_0|sld_signaltap_impl:sld_signaltap_body|sld_signaltap_implb:sld_signaltap_body|sld_ela_control:ela_control|sld_ela_basic_multi_level_trigger:\basic_multi_level_mbpm_trigger_gen:multi_level_mbpm|sld_mbpmg:\trigger_modules_gen:0:trigger_match|sld_sbpmg:\gen_sbpmg_pipeline_less_than_two:sm0:125:sm1      ; sld_sbpmg                         ; work         ;
;                      |sld_sbpmg:\gen_sbpmg_pipeline_less_than_two:sm0:126:sm1|                                                          ; 2 (2)               ; 2 (2)                     ; 0           ; 0            ; 0       ; 0         ; 0    ; 0            ; |top_loopback|sld_signaltap:auto_signaltap_0|sld_signaltap_impl:sld_signaltap_body|sld_signaltap_implb:sld_signaltap_body|sld_ela_control:ela_control|sld_ela_basic_multi_level_trigger:\basic_multi_level_mbpm_trigger_gen:multi_level_mbpm|sld_mbpmg:\trigger_modules_gen:0:trigger_match|sld_sbpmg:\gen_sbpmg_pipeline_less_than_two:sm0:126:sm1      ; sld_sbpmg                         ; work         ;
;                      |sld_sbpmg:\gen_sbpmg_pipeline_less_than_two:sm0:127:sm1|                                                          ; 2 (2)               ; 2 (2)                     ; 0           ; 0            ; 0       ; 0         ; 0    ; 0            ; |top_loopback|sld_signaltap:auto_signaltap_0|sld_signaltap_impl:sld_signaltap_body|sld_signaltap_implb:sld_signaltap_body|sld_ela_control:ela_control|sld_ela_basic_multi_level_trigger:\basic_multi_level_mbpm_trigger_gen:multi_level_mbpm|sld_mbpmg:\trigger_modules_gen:0:trigger_match|sld_sbpmg:\gen_sbpmg_pipeline_less_than_two:sm0:127:sm1      ; sld_sbpmg                         ; work         ;
;                      |sld_sbpmg:\gen_sbpmg_pipeline_less_than_two:sm0:128:sm1|                                                          ; 2 (2)               ; 2 (2)                     ; 0           ; 0            ; 0       ; 0         ; 0    ; 0            ; |top_loopback|sld_signaltap:auto_signaltap_0|sld_signaltap_impl:sld_signaltap_body|sld_signaltap_implb:sld_signaltap_body|sld_ela_control:ela_control|sld_ela_basic_multi_level_trigger:\basic_multi_level_mbpm_trigger_gen:multi_level_mbpm|sld_mbpmg:\trigger_modules_gen:0:trigger_match|sld_sbpmg:\gen_sbpmg_pipeline_less_than_two:sm0:128:sm1      ; sld_sbpmg                         ; work         ;
;                      |sld_sbpmg:\gen_sbpmg_pipeline_less_than_two:sm0:129:sm1|                                                          ; 2 (2)               ; 2 (2)                     ; 0           ; 0            ; 0       ; 0         ; 0    ; 0            ; |top_loopback|sld_signaltap:auto_signaltap_0|sld_signaltap_impl:sld_signaltap_body|sld_signaltap_implb:sld_signaltap_body|sld_ela_control:ela_control|sld_ela_basic_multi_level_trigger:\basic_multi_level_mbpm_trigger_gen:multi_level_mbpm|sld_mbpmg:\trigger_modules_gen:0:trigger_match|sld_sbpmg:\gen_sbpmg_pipeline_less_than_two:sm0:129:sm1      ; sld_sbpmg                         ; work         ;
;                      |sld_sbpmg:\gen_sbpmg_pipeline_less_than_two:sm0:12:sm1|                                                           ; 2 (2)               ; 2 (2)                     ; 0           ; 0            ; 0       ; 0         ; 0    ; 0            ; |top_loopback|sld_signaltap:auto_signaltap_0|sld_signaltap_impl:sld_signaltap_body|sld_signaltap_implb:sld_signaltap_body|sld_ela_control:ela_control|sld_ela_basic_multi_level_trigger:\basic_multi_level_mbpm_trigger_gen:multi_level_mbpm|sld_mbpmg:\trigger_modules_gen:0:trigger_match|sld_sbpmg:\gen_sbpmg_pipeline_less_than_two:sm0:12:sm1       ; sld_sbpmg                         ; work         ;
;                      |sld_sbpmg:\gen_sbpmg_pipeline_less_than_two:sm0:130:sm1|                                                          ; 2 (2)               ; 2 (2)                     ; 0           ; 0            ; 0       ; 0         ; 0    ; 0            ; |top_loopback|sld_signaltap:auto_signaltap_0|sld_signaltap_impl:sld_signaltap_body|sld_signaltap_implb:sld_signaltap_body|sld_ela_control:ela_control|sld_ela_basic_multi_level_trigger:\basic_multi_level_mbpm_trigger_gen:multi_level_mbpm|sld_mbpmg:\trigger_modules_gen:0:trigger_match|sld_sbpmg:\gen_sbpmg_pipeline_less_than_two:sm0:130:sm1      ; sld_sbpmg                         ; work         ;
;                      |sld_sbpmg:\gen_sbpmg_pipeline_less_than_two:sm0:131:sm1|                                                          ; 2 (2)               ; 2 (2)                     ; 0           ; 0            ; 0       ; 0         ; 0    ; 0            ; |top_loopback|sld_signaltap:auto_signaltap_0|sld_signaltap_impl:sld_signaltap_body|sld_signaltap_implb:sld_signaltap_body|sld_ela_control:ela_control|sld_ela_basic_multi_level_trigger:\basic_multi_level_mbpm_trigger_gen:multi_level_mbpm|sld_mbpmg:\trigger_modules_gen:0:trigger_match|sld_sbpmg:\gen_sbpmg_pipeline_less_than_two:sm0:131:sm1      ; sld_sbpmg                         ; work         ;
;                      |sld_sbpmg:\gen_sbpmg_pipeline_less_than_two:sm0:132:sm1|                                                          ; 2 (2)               ; 2 (2)                     ; 0           ; 0            ; 0       ; 0         ; 0    ; 0            ; |top_loopback|sld_signaltap:auto_signaltap_0|sld_signaltap_impl:sld_signaltap_body|sld_signaltap_implb:sld_signaltap_body|sld_ela_control:ela_control|sld_ela_basic_multi_level_trigger:\basic_multi_level_mbpm_trigger_gen:multi_level_mbpm|sld_mbpmg:\trigger_modules_gen:0:trigger_match|sld_sbpmg:\gen_sbpmg_pipeline_less_than_two:sm0:132:sm1      ; sld_sbpmg                         ; work         ;
;                      |sld_sbpmg:\gen_sbpmg_pipeline_less_than_two:sm0:133:sm1|                                                          ; 2 (2)               ; 2 (2)                     ; 0           ; 0            ; 0       ; 0         ; 0    ; 0            ; |top_loopback|sld_signaltap:auto_signaltap_0|sld_signaltap_impl:sld_signaltap_body|sld_signaltap_implb:sld_signaltap_body|sld_ela_control:ela_control|sld_ela_basic_multi_level_trigger:\basic_multi_level_mbpm_trigger_gen:multi_level_mbpm|sld_mbpmg:\trigger_modules_gen:0:trigger_match|sld_sbpmg:\gen_sbpmg_pipeline_less_than_two:sm0:133:sm1      ; sld_sbpmg                         ; work         ;
;                      |sld_sbpmg:\gen_sbpmg_pipeline_less_than_two:sm0:134:sm1|                                                          ; 2 (2)               ; 2 (2)                     ; 0           ; 0            ; 0       ; 0         ; 0    ; 0            ; |top_loopback|sld_signaltap:auto_signaltap_0|sld_signaltap_impl:sld_signaltap_body|sld_signaltap_implb:sld_signaltap_body|sld_ela_control:ela_control|sld_ela_basic_multi_level_trigger:\basic_multi_level_mbpm_trigger_gen:multi_level_mbpm|sld_mbpmg:\trigger_modules_gen:0:trigger_match|sld_sbpmg:\gen_sbpmg_pipeline_less_than_two:sm0:134:sm1      ; sld_sbpmg                         ; work         ;
;                      |sld_sbpmg:\gen_sbpmg_pipeline_less_than_two:sm0:135:sm1|                                                          ; 2 (2)               ; 2 (2)                     ; 0           ; 0            ; 0       ; 0         ; 0    ; 0            ; |top_loopback|sld_signaltap:auto_signaltap_0|sld_signaltap_impl:sld_signaltap_body|sld_signaltap_implb:sld_signaltap_body|sld_ela_control:ela_control|sld_ela_basic_multi_level_trigger:\basic_multi_level_mbpm_trigger_gen:multi_level_mbpm|sld_mbpmg:\trigger_modules_gen:0:trigger_match|sld_sbpmg:\gen_sbpmg_pipeline_less_than_two:sm0:135:sm1      ; sld_sbpmg                         ; work         ;
;                      |sld_sbpmg:\gen_sbpmg_pipeline_less_than_two:sm0:136:sm1|                                                          ; 2 (2)               ; 2 (2)                     ; 0           ; 0            ; 0       ; 0         ; 0    ; 0            ; |top_loopback|sld_signaltap:auto_signaltap_0|sld_signaltap_impl:sld_signaltap_body|sld_signaltap_implb:sld_signaltap_body|sld_ela_control:ela_control|sld_ela_basic_multi_level_trigger:\basic_multi_level_mbpm_trigger_gen:multi_level_mbpm|sld_mbpmg:\trigger_modules_gen:0:trigger_match|sld_sbpmg:\gen_sbpmg_pipeline_less_than_two:sm0:136:sm1      ; sld_sbpmg                         ; work         ;
;                      |sld_sbpmg:\gen_sbpmg_pipeline_less_than_two:sm0:137:sm1|                                                          ; 2 (2)               ; 2 (2)                     ; 0           ; 0            ; 0       ; 0         ; 0    ; 0            ; |top_loopback|sld_signaltap:auto_signaltap_0|sld_signaltap_impl:sld_signaltap_body|sld_signaltap_implb:sld_signaltap_body|sld_ela_control:ela_control|sld_ela_basic_multi_level_trigger:\basic_multi_level_mbpm_trigger_gen:multi_level_mbpm|sld_mbpmg:\trigger_modules_gen:0:trigger_match|sld_sbpmg:\gen_sbpmg_pipeline_less_than_two:sm0:137:sm1      ; sld_sbpmg                         ; work         ;
;                      |sld_sbpmg:\gen_sbpmg_pipeline_less_than_two:sm0:138:sm1|                                                          ; 2 (2)               ; 2 (2)                     ; 0           ; 0            ; 0       ; 0         ; 0    ; 0            ; |top_loopback|sld_signaltap:auto_signaltap_0|sld_signaltap_impl:sld_signaltap_body|sld_signaltap_implb:sld_signaltap_body|sld_ela_control:ela_control|sld_ela_basic_multi_level_trigger:\basic_multi_level_mbpm_trigger_gen:multi_level_mbpm|sld_mbpmg:\trigger_modules_gen:0:trigger_match|sld_sbpmg:\gen_sbpmg_pipeline_less_than_two:sm0:138:sm1      ; sld_sbpmg                         ; work         ;
;                      |sld_sbpmg:\gen_sbpmg_pipeline_less_than_two:sm0:139:sm1|                                                          ; 2 (2)               ; 2 (2)                     ; 0           ; 0            ; 0       ; 0         ; 0    ; 0            ; |top_loopback|sld_signaltap:auto_signaltap_0|sld_signaltap_impl:sld_signaltap_body|sld_signaltap_implb:sld_signaltap_body|sld_ela_control:ela_control|sld_ela_basic_multi_level_trigger:\basic_multi_level_mbpm_trigger_gen:multi_level_mbpm|sld_mbpmg:\trigger_modules_gen:0:trigger_match|sld_sbpmg:\gen_sbpmg_pipeline_less_than_two:sm0:139:sm1      ; sld_sbpmg                         ; work         ;
;                      |sld_sbpmg:\gen_sbpmg_pipeline_less_than_two:sm0:13:sm1|                                                           ; 2 (2)               ; 2 (2)                     ; 0           ; 0            ; 0       ; 0         ; 0    ; 0            ; |top_loopback|sld_signaltap:auto_signaltap_0|sld_signaltap_impl:sld_signaltap_body|sld_signaltap_implb:sld_signaltap_body|sld_ela_control:ela_control|sld_ela_basic_multi_level_trigger:\basic_multi_level_mbpm_trigger_gen:multi_level_mbpm|sld_mbpmg:\trigger_modules_gen:0:trigger_match|sld_sbpmg:\gen_sbpmg_pipeline_less_than_two:sm0:13:sm1       ; sld_sbpmg                         ; work         ;
;                      |sld_sbpmg:\gen_sbpmg_pipeline_less_than_two:sm0:140:sm1|                                                          ; 2 (2)               ; 2 (2)                     ; 0           ; 0            ; 0       ; 0         ; 0    ; 0            ; |top_loopback|sld_signaltap:auto_signaltap_0|sld_signaltap_impl:sld_signaltap_body|sld_signaltap_implb:sld_signaltap_body|sld_ela_control:ela_control|sld_ela_basic_multi_level_trigger:\basic_multi_level_mbpm_trigger_gen:multi_level_mbpm|sld_mbpmg:\trigger_modules_gen:0:trigger_match|sld_sbpmg:\gen_sbpmg_pipeline_less_than_two:sm0:140:sm1      ; sld_sbpmg                         ; work         ;
;                      |sld_sbpmg:\gen_sbpmg_pipeline_less_than_two:sm0:141:sm1|                                                          ; 2 (2)               ; 2 (2)                     ; 0           ; 0            ; 0       ; 0         ; 0    ; 0            ; |top_loopback|sld_signaltap:auto_signaltap_0|sld_signaltap_impl:sld_signaltap_body|sld_signaltap_implb:sld_signaltap_body|sld_ela_control:ela_control|sld_ela_basic_multi_level_trigger:\basic_multi_level_mbpm_trigger_gen:multi_level_mbpm|sld_mbpmg:\trigger_modules_gen:0:trigger_match|sld_sbpmg:\gen_sbpmg_pipeline_less_than_two:sm0:141:sm1      ; sld_sbpmg                         ; work         ;
;                      |sld_sbpmg:\gen_sbpmg_pipeline_less_than_two:sm0:142:sm1|                                                          ; 2 (2)               ; 2 (2)                     ; 0           ; 0            ; 0       ; 0         ; 0    ; 0            ; |top_loopback|sld_signaltap:auto_signaltap_0|sld_signaltap_impl:sld_signaltap_body|sld_signaltap_implb:sld_signaltap_body|sld_ela_control:ela_control|sld_ela_basic_multi_level_trigger:\basic_multi_level_mbpm_trigger_gen:multi_level_mbpm|sld_mbpmg:\trigger_modules_gen:0:trigger_match|sld_sbpmg:\gen_sbpmg_pipeline_less_than_two:sm0:142:sm1      ; sld_sbpmg                         ; work         ;
;                      |sld_sbpmg:\gen_sbpmg_pipeline_less_than_two:sm0:143:sm1|                                                          ; 2 (2)               ; 2 (2)                     ; 0           ; 0            ; 0       ; 0         ; 0    ; 0            ; |top_loopback|sld_signaltap:auto_signaltap_0|sld_signaltap_impl:sld_signaltap_body|sld_signaltap_implb:sld_signaltap_body|sld_ela_control:ela_control|sld_ela_basic_multi_level_trigger:\basic_multi_level_mbpm_trigger_gen:multi_level_mbpm|sld_mbpmg:\trigger_modules_gen:0:trigger_match|sld_sbpmg:\gen_sbpmg_pipeline_less_than_two:sm0:143:sm1      ; sld_sbpmg                         ; work         ;
;                      |sld_sbpmg:\gen_sbpmg_pipeline_less_than_two:sm0:144:sm1|                                                          ; 2 (2)               ; 2 (2)                     ; 0           ; 0            ; 0       ; 0         ; 0    ; 0            ; |top_loopback|sld_signaltap:auto_signaltap_0|sld_signaltap_impl:sld_signaltap_body|sld_signaltap_implb:sld_signaltap_body|sld_ela_control:ela_control|sld_ela_basic_multi_level_trigger:\basic_multi_level_mbpm_trigger_gen:multi_level_mbpm|sld_mbpmg:\trigger_modules_gen:0:trigger_match|sld_sbpmg:\gen_sbpmg_pipeline_less_than_two:sm0:144:sm1      ; sld_sbpmg                         ; work         ;
;                      |sld_sbpmg:\gen_sbpmg_pipeline_less_than_two:sm0:145:sm1|                                                          ; 2 (2)               ; 2 (2)                     ; 0           ; 0            ; 0       ; 0         ; 0    ; 0            ; |top_loopback|sld_signaltap:auto_signaltap_0|sld_signaltap_impl:sld_signaltap_body|sld_signaltap_implb:sld_signaltap_body|sld_ela_control:ela_control|sld_ela_basic_multi_level_trigger:\basic_multi_level_mbpm_trigger_gen:multi_level_mbpm|sld_mbpmg:\trigger_modules_gen:0:trigger_match|sld_sbpmg:\gen_sbpmg_pipeline_less_than_two:sm0:145:sm1      ; sld_sbpmg                         ; work         ;
;                      |sld_sbpmg:\gen_sbpmg_pipeline_less_than_two:sm0:146:sm1|                                                          ; 2 (2)               ; 2 (2)                     ; 0           ; 0            ; 0       ; 0         ; 0    ; 0            ; |top_loopback|sld_signaltap:auto_signaltap_0|sld_signaltap_impl:sld_signaltap_body|sld_signaltap_implb:sld_signaltap_body|sld_ela_control:ela_control|sld_ela_basic_multi_level_trigger:\basic_multi_level_mbpm_trigger_gen:multi_level_mbpm|sld_mbpmg:\trigger_modules_gen:0:trigger_match|sld_sbpmg:\gen_sbpmg_pipeline_less_than_two:sm0:146:sm1      ; sld_sbpmg                         ; work         ;
;                      |sld_sbpmg:\gen_sbpmg_pipeline_less_than_two:sm0:147:sm1|                                                          ; 2 (2)               ; 2 (2)                     ; 0           ; 0            ; 0       ; 0         ; 0    ; 0            ; |top_loopback|sld_signaltap:auto_signaltap_0|sld_signaltap_impl:sld_signaltap_body|sld_signaltap_implb:sld_signaltap_body|sld_ela_control:ela_control|sld_ela_basic_multi_level_trigger:\basic_multi_level_mbpm_trigger_gen:multi_level_mbpm|sld_mbpmg:\trigger_modules_gen:0:trigger_match|sld_sbpmg:\gen_sbpmg_pipeline_less_than_two:sm0:147:sm1      ; sld_sbpmg                         ; work         ;
;                      |sld_sbpmg:\gen_sbpmg_pipeline_less_than_two:sm0:148:sm1|                                                          ; 2 (2)               ; 2 (2)                     ; 0           ; 0            ; 0       ; 0         ; 0    ; 0            ; |top_loopback|sld_signaltap:auto_signaltap_0|sld_signaltap_impl:sld_signaltap_body|sld_signaltap_implb:sld_signaltap_body|sld_ela_control:ela_control|sld_ela_basic_multi_level_trigger:\basic_multi_level_mbpm_trigger_gen:multi_level_mbpm|sld_mbpmg:\trigger_modules_gen:0:trigger_match|sld_sbpmg:\gen_sbpmg_pipeline_less_than_two:sm0:148:sm1      ; sld_sbpmg                         ; work         ;
;                      |sld_sbpmg:\gen_sbpmg_pipeline_less_than_two:sm0:149:sm1|                                                          ; 2 (2)               ; 2 (2)                     ; 0           ; 0            ; 0       ; 0         ; 0    ; 0            ; |top_loopback|sld_signaltap:auto_signaltap_0|sld_signaltap_impl:sld_signaltap_body|sld_signaltap_implb:sld_signaltap_body|sld_ela_control:ela_control|sld_ela_basic_multi_level_trigger:\basic_multi_level_mbpm_trigger_gen:multi_level_mbpm|sld_mbpmg:\trigger_modules_gen:0:trigger_match|sld_sbpmg:\gen_sbpmg_pipeline_less_than_two:sm0:149:sm1      ; sld_sbpmg                         ; work         ;
;                      |sld_sbpmg:\gen_sbpmg_pipeline_less_than_two:sm0:14:sm1|                                                           ; 2 (2)               ; 2 (2)                     ; 0           ; 0            ; 0       ; 0         ; 0    ; 0            ; |top_loopback|sld_signaltap:auto_signaltap_0|sld_signaltap_impl:sld_signaltap_body|sld_signaltap_implb:sld_signaltap_body|sld_ela_control:ela_control|sld_ela_basic_multi_level_trigger:\basic_multi_level_mbpm_trigger_gen:multi_level_mbpm|sld_mbpmg:\trigger_modules_gen:0:trigger_match|sld_sbpmg:\gen_sbpmg_pipeline_less_than_two:sm0:14:sm1       ; sld_sbpmg                         ; work         ;
;                      |sld_sbpmg:\gen_sbpmg_pipeline_less_than_two:sm0:150:sm1|                                                          ; 2 (2)               ; 2 (2)                     ; 0           ; 0            ; 0       ; 0         ; 0    ; 0            ; |top_loopback|sld_signaltap:auto_signaltap_0|sld_signaltap_impl:sld_signaltap_body|sld_signaltap_implb:sld_signaltap_body|sld_ela_control:ela_control|sld_ela_basic_multi_level_trigger:\basic_multi_level_mbpm_trigger_gen:multi_level_mbpm|sld_mbpmg:\trigger_modules_gen:0:trigger_match|sld_sbpmg:\gen_sbpmg_pipeline_less_than_two:sm0:150:sm1      ; sld_sbpmg                         ; work         ;
;                      |sld_sbpmg:\gen_sbpmg_pipeline_less_than_two:sm0:151:sm1|                                                          ; 2 (2)               ; 2 (2)                     ; 0           ; 0            ; 0       ; 0         ; 0    ; 0            ; |top_loopback|sld_signaltap:auto_signaltap_0|sld_signaltap_impl:sld_signaltap_body|sld_signaltap_implb:sld_signaltap_body|sld_ela_control:ela_control|sld_ela_basic_multi_level_trigger:\basic_multi_level_mbpm_trigger_gen:multi_level_mbpm|sld_mbpmg:\trigger_modules_gen:0:trigger_match|sld_sbpmg:\gen_sbpmg_pipeline_less_than_two:sm0:151:sm1      ; sld_sbpmg                         ; work         ;
;                      |sld_sbpmg:\gen_sbpmg_pipeline_less_than_two:sm0:152:sm1|                                                          ; 2 (2)               ; 2 (2)                     ; 0           ; 0            ; 0       ; 0         ; 0    ; 0            ; |top_loopback|sld_signaltap:auto_signaltap_0|sld_signaltap_impl:sld_signaltap_body|sld_signaltap_implb:sld_signaltap_body|sld_ela_control:ela_control|sld_ela_basic_multi_level_trigger:\basic_multi_level_mbpm_trigger_gen:multi_level_mbpm|sld_mbpmg:\trigger_modules_gen:0:trigger_match|sld_sbpmg:\gen_sbpmg_pipeline_less_than_two:sm0:152:sm1      ; sld_sbpmg                         ; work         ;
;                      |sld_sbpmg:\gen_sbpmg_pipeline_less_than_two:sm0:153:sm1|                                                          ; 2 (2)               ; 2 (2)                     ; 0           ; 0            ; 0       ; 0         ; 0    ; 0            ; |top_loopback|sld_signaltap:auto_signaltap_0|sld_signaltap_impl:sld_signaltap_body|sld_signaltap_implb:sld_signaltap_body|sld_ela_control:ela_control|sld_ela_basic_multi_level_trigger:\basic_multi_level_mbpm_trigger_gen:multi_level_mbpm|sld_mbpmg:\trigger_modules_gen:0:trigger_match|sld_sbpmg:\gen_sbpmg_pipeline_less_than_two:sm0:153:sm1      ; sld_sbpmg                         ; work         ;
;                      |sld_sbpmg:\gen_sbpmg_pipeline_less_than_two:sm0:154:sm1|                                                          ; 2 (2)               ; 2 (2)                     ; 0           ; 0            ; 0       ; 0         ; 0    ; 0            ; |top_loopback|sld_signaltap:auto_signaltap_0|sld_signaltap_impl:sld_signaltap_body|sld_signaltap_implb:sld_signaltap_body|sld_ela_control:ela_control|sld_ela_basic_multi_level_trigger:\basic_multi_level_mbpm_trigger_gen:multi_level_mbpm|sld_mbpmg:\trigger_modules_gen:0:trigger_match|sld_sbpmg:\gen_sbpmg_pipeline_less_than_two:sm0:154:sm1      ; sld_sbpmg                         ; work         ;
;                      |sld_sbpmg:\gen_sbpmg_pipeline_less_than_two:sm0:155:sm1|                                                          ; 2 (2)               ; 2 (2)                     ; 0           ; 0            ; 0       ; 0         ; 0    ; 0            ; |top_loopback|sld_signaltap:auto_signaltap_0|sld_signaltap_impl:sld_signaltap_body|sld_signaltap_implb:sld_signaltap_body|sld_ela_control:ela_control|sld_ela_basic_multi_level_trigger:\basic_multi_level_mbpm_trigger_gen:multi_level_mbpm|sld_mbpmg:\trigger_modules_gen:0:trigger_match|sld_sbpmg:\gen_sbpmg_pipeline_less_than_two:sm0:155:sm1      ; sld_sbpmg                         ; work         ;
;                      |sld_sbpmg:\gen_sbpmg_pipeline_less_than_two:sm0:156:sm1|                                                          ; 2 (2)               ; 2 (2)                     ; 0           ; 0            ; 0       ; 0         ; 0    ; 0            ; |top_loopback|sld_signaltap:auto_signaltap_0|sld_signaltap_impl:sld_signaltap_body|sld_signaltap_implb:sld_signaltap_body|sld_ela_control:ela_control|sld_ela_basic_multi_level_trigger:\basic_multi_level_mbpm_trigger_gen:multi_level_mbpm|sld_mbpmg:\trigger_modules_gen:0:trigger_match|sld_sbpmg:\gen_sbpmg_pipeline_less_than_two:sm0:156:sm1      ; sld_sbpmg                         ; work         ;
;                      |sld_sbpmg:\gen_sbpmg_pipeline_less_than_two:sm0:157:sm1|                                                          ; 2 (2)               ; 2 (2)                     ; 0           ; 0            ; 0       ; 0         ; 0    ; 0            ; |top_loopback|sld_signaltap:auto_signaltap_0|sld_signaltap_impl:sld_signaltap_body|sld_signaltap_implb:sld_signaltap_body|sld_ela_control:ela_control|sld_ela_basic_multi_level_trigger:\basic_multi_level_mbpm_trigger_gen:multi_level_mbpm|sld_mbpmg:\trigger_modules_gen:0:trigger_match|sld_sbpmg:\gen_sbpmg_pipeline_less_than_two:sm0:157:sm1      ; sld_sbpmg                         ; work         ;
;                      |sld_sbpmg:\gen_sbpmg_pipeline_less_than_two:sm0:158:sm1|                                                          ; 2 (2)               ; 2 (2)                     ; 0           ; 0            ; 0       ; 0         ; 0    ; 0            ; |top_loopback|sld_signaltap:auto_signaltap_0|sld_signaltap_impl:sld_signaltap_body|sld_signaltap_implb:sld_signaltap_body|sld_ela_control:ela_control|sld_ela_basic_multi_level_trigger:\basic_multi_level_mbpm_trigger_gen:multi_level_mbpm|sld_mbpmg:\trigger_modules_gen:0:trigger_match|sld_sbpmg:\gen_sbpmg_pipeline_less_than_two:sm0:158:sm1      ; sld_sbpmg                         ; work         ;
;                      |sld_sbpmg:\gen_sbpmg_pipeline_less_than_two:sm0:159:sm1|                                                          ; 2 (2)               ; 2 (2)                     ; 0           ; 0            ; 0       ; 0         ; 0    ; 0            ; |top_loopback|sld_signaltap:auto_signaltap_0|sld_signaltap_impl:sld_signaltap_body|sld_signaltap_implb:sld_signaltap_body|sld_ela_control:ela_control|sld_ela_basic_multi_level_trigger:\basic_multi_level_mbpm_trigger_gen:multi_level_mbpm|sld_mbpmg:\trigger_modules_gen:0:trigger_match|sld_sbpmg:\gen_sbpmg_pipeline_less_than_two:sm0:159:sm1      ; sld_sbpmg                         ; work         ;
;                      |sld_sbpmg:\gen_sbpmg_pipeline_less_than_two:sm0:15:sm1|                                                           ; 2 (2)               ; 2 (2)                     ; 0           ; 0            ; 0       ; 0         ; 0    ; 0            ; |top_loopback|sld_signaltap:auto_signaltap_0|sld_signaltap_impl:sld_signaltap_body|sld_signaltap_implb:sld_signaltap_body|sld_ela_control:ela_control|sld_ela_basic_multi_level_trigger:\basic_multi_level_mbpm_trigger_gen:multi_level_mbpm|sld_mbpmg:\trigger_modules_gen:0:trigger_match|sld_sbpmg:\gen_sbpmg_pipeline_less_than_two:sm0:15:sm1       ; sld_sbpmg                         ; work         ;
;                      |sld_sbpmg:\gen_sbpmg_pipeline_less_than_two:sm0:160:sm1|                                                          ; 2 (2)               ; 2 (2)                     ; 0           ; 0            ; 0       ; 0         ; 0    ; 0            ; |top_loopback|sld_signaltap:auto_signaltap_0|sld_signaltap_impl:sld_signaltap_body|sld_signaltap_implb:sld_signaltap_body|sld_ela_control:ela_control|sld_ela_basic_multi_level_trigger:\basic_multi_level_mbpm_trigger_gen:multi_level_mbpm|sld_mbpmg:\trigger_modules_gen:0:trigger_match|sld_sbpmg:\gen_sbpmg_pipeline_less_than_two:sm0:160:sm1      ; sld_sbpmg                         ; work         ;
;                      |sld_sbpmg:\gen_sbpmg_pipeline_less_than_two:sm0:161:sm1|                                                          ; 2 (2)               ; 2 (2)                     ; 0           ; 0            ; 0       ; 0         ; 0    ; 0            ; |top_loopback|sld_signaltap:auto_signaltap_0|sld_signaltap_impl:sld_signaltap_body|sld_signaltap_implb:sld_signaltap_body|sld_ela_control:ela_control|sld_ela_basic_multi_level_trigger:\basic_multi_level_mbpm_trigger_gen:multi_level_mbpm|sld_mbpmg:\trigger_modules_gen:0:trigger_match|sld_sbpmg:\gen_sbpmg_pipeline_less_than_two:sm0:161:sm1      ; sld_sbpmg                         ; work         ;
;                      |sld_sbpmg:\gen_sbpmg_pipeline_less_than_two:sm0:162:sm1|                                                          ; 2 (2)               ; 2 (2)                     ; 0           ; 0            ; 0       ; 0         ; 0    ; 0            ; |top_loopback|sld_signaltap:auto_signaltap_0|sld_signaltap_impl:sld_signaltap_body|sld_signaltap_implb:sld_signaltap_body|sld_ela_control:ela_control|sld_ela_basic_multi_level_trigger:\basic_multi_level_mbpm_trigger_gen:multi_level_mbpm|sld_mbpmg:\trigger_modules_gen:0:trigger_match|sld_sbpmg:\gen_sbpmg_pipeline_less_than_two:sm0:162:sm1      ; sld_sbpmg                         ; work         ;
;                      |sld_sbpmg:\gen_sbpmg_pipeline_less_than_two:sm0:163:sm1|                                                          ; 2 (2)               ; 2 (2)                     ; 0           ; 0            ; 0       ; 0         ; 0    ; 0            ; |top_loopback|sld_signaltap:auto_signaltap_0|sld_signaltap_impl:sld_signaltap_body|sld_signaltap_implb:sld_signaltap_body|sld_ela_control:ela_control|sld_ela_basic_multi_level_trigger:\basic_multi_level_mbpm_trigger_gen:multi_level_mbpm|sld_mbpmg:\trigger_modules_gen:0:trigger_match|sld_sbpmg:\gen_sbpmg_pipeline_less_than_two:sm0:163:sm1      ; sld_sbpmg                         ; work         ;
;                      |sld_sbpmg:\gen_sbpmg_pipeline_less_than_two:sm0:164:sm1|                                                          ; 2 (2)               ; 2 (2)                     ; 0           ; 0            ; 0       ; 0         ; 0    ; 0            ; |top_loopback|sld_signaltap:auto_signaltap_0|sld_signaltap_impl:sld_signaltap_body|sld_signaltap_implb:sld_signaltap_body|sld_ela_control:ela_control|sld_ela_basic_multi_level_trigger:\basic_multi_level_mbpm_trigger_gen:multi_level_mbpm|sld_mbpmg:\trigger_modules_gen:0:trigger_match|sld_sbpmg:\gen_sbpmg_pipeline_less_than_two:sm0:164:sm1      ; sld_sbpmg                         ; work         ;
;                      |sld_sbpmg:\gen_sbpmg_pipeline_less_than_two:sm0:165:sm1|                                                          ; 2 (2)               ; 2 (2)                     ; 0           ; 0            ; 0       ; 0         ; 0    ; 0            ; |top_loopback|sld_signaltap:auto_signaltap_0|sld_signaltap_impl:sld_signaltap_body|sld_signaltap_implb:sld_signaltap_body|sld_ela_control:ela_control|sld_ela_basic_multi_level_trigger:\basic_multi_level_mbpm_trigger_gen:multi_level_mbpm|sld_mbpmg:\trigger_modules_gen:0:trigger_match|sld_sbpmg:\gen_sbpmg_pipeline_less_than_two:sm0:165:sm1      ; sld_sbpmg                         ; work         ;
;                      |sld_sbpmg:\gen_sbpmg_pipeline_less_than_two:sm0:166:sm1|                                                          ; 2 (2)               ; 2 (2)                     ; 0           ; 0            ; 0       ; 0         ; 0    ; 0            ; |top_loopback|sld_signaltap:auto_signaltap_0|sld_signaltap_impl:sld_signaltap_body|sld_signaltap_implb:sld_signaltap_body|sld_ela_control:ela_control|sld_ela_basic_multi_level_trigger:\basic_multi_level_mbpm_trigger_gen:multi_level_mbpm|sld_mbpmg:\trigger_modules_gen:0:trigger_match|sld_sbpmg:\gen_sbpmg_pipeline_less_than_two:sm0:166:sm1      ; sld_sbpmg                         ; work         ;
;                      |sld_sbpmg:\gen_sbpmg_pipeline_less_than_two:sm0:167:sm1|                                                          ; 2 (2)               ; 2 (2)                     ; 0           ; 0            ; 0       ; 0         ; 0    ; 0            ; |top_loopback|sld_signaltap:auto_signaltap_0|sld_signaltap_impl:sld_signaltap_body|sld_signaltap_implb:sld_signaltap_body|sld_ela_control:ela_control|sld_ela_basic_multi_level_trigger:\basic_multi_level_mbpm_trigger_gen:multi_level_mbpm|sld_mbpmg:\trigger_modules_gen:0:trigger_match|sld_sbpmg:\gen_sbpmg_pipeline_less_than_two:sm0:167:sm1      ; sld_sbpmg                         ; work         ;
;                      |sld_sbpmg:\gen_sbpmg_pipeline_less_than_two:sm0:168:sm1|                                                          ; 2 (2)               ; 2 (2)                     ; 0           ; 0            ; 0       ; 0         ; 0    ; 0            ; |top_loopback|sld_signaltap:auto_signaltap_0|sld_signaltap_impl:sld_signaltap_body|sld_signaltap_implb:sld_signaltap_body|sld_ela_control:ela_control|sld_ela_basic_multi_level_trigger:\basic_multi_level_mbpm_trigger_gen:multi_level_mbpm|sld_mbpmg:\trigger_modules_gen:0:trigger_match|sld_sbpmg:\gen_sbpmg_pipeline_less_than_two:sm0:168:sm1      ; sld_sbpmg                         ; work         ;
;                      |sld_sbpmg:\gen_sbpmg_pipeline_less_than_two:sm0:169:sm1|                                                          ; 2 (2)               ; 2 (2)                     ; 0           ; 0            ; 0       ; 0         ; 0    ; 0            ; |top_loopback|sld_signaltap:auto_signaltap_0|sld_signaltap_impl:sld_signaltap_body|sld_signaltap_implb:sld_signaltap_body|sld_ela_control:ela_control|sld_ela_basic_multi_level_trigger:\basic_multi_level_mbpm_trigger_gen:multi_level_mbpm|sld_mbpmg:\trigger_modules_gen:0:trigger_match|sld_sbpmg:\gen_sbpmg_pipeline_less_than_two:sm0:169:sm1      ; sld_sbpmg                         ; work         ;
;                      |sld_sbpmg:\gen_sbpmg_pipeline_less_than_two:sm0:16:sm1|                                                           ; 2 (2)               ; 2 (2)                     ; 0           ; 0            ; 0       ; 0         ; 0    ; 0            ; |top_loopback|sld_signaltap:auto_signaltap_0|sld_signaltap_impl:sld_signaltap_body|sld_signaltap_implb:sld_signaltap_body|sld_ela_control:ela_control|sld_ela_basic_multi_level_trigger:\basic_multi_level_mbpm_trigger_gen:multi_level_mbpm|sld_mbpmg:\trigger_modules_gen:0:trigger_match|sld_sbpmg:\gen_sbpmg_pipeline_less_than_two:sm0:16:sm1       ; sld_sbpmg                         ; work         ;
;                      |sld_sbpmg:\gen_sbpmg_pipeline_less_than_two:sm0:170:sm1|                                                          ; 2 (2)               ; 2 (2)                     ; 0           ; 0            ; 0       ; 0         ; 0    ; 0            ; |top_loopback|sld_signaltap:auto_signaltap_0|sld_signaltap_impl:sld_signaltap_body|sld_signaltap_implb:sld_signaltap_body|sld_ela_control:ela_control|sld_ela_basic_multi_level_trigger:\basic_multi_level_mbpm_trigger_gen:multi_level_mbpm|sld_mbpmg:\trigger_modules_gen:0:trigger_match|sld_sbpmg:\gen_sbpmg_pipeline_less_than_two:sm0:170:sm1      ; sld_sbpmg                         ; work         ;
;                      |sld_sbpmg:\gen_sbpmg_pipeline_less_than_two:sm0:171:sm1|                                                          ; 2 (2)               ; 2 (2)                     ; 0           ; 0            ; 0       ; 0         ; 0    ; 0            ; |top_loopback|sld_signaltap:auto_signaltap_0|sld_signaltap_impl:sld_signaltap_body|sld_signaltap_implb:sld_signaltap_body|sld_ela_control:ela_control|sld_ela_basic_multi_level_trigger:\basic_multi_level_mbpm_trigger_gen:multi_level_mbpm|sld_mbpmg:\trigger_modules_gen:0:trigger_match|sld_sbpmg:\gen_sbpmg_pipeline_less_than_two:sm0:171:sm1      ; sld_sbpmg                         ; work         ;
;                      |sld_sbpmg:\gen_sbpmg_pipeline_less_than_two:sm0:172:sm1|                                                          ; 2 (2)               ; 2 (2)                     ; 0           ; 0            ; 0       ; 0         ; 0    ; 0            ; |top_loopback|sld_signaltap:auto_signaltap_0|sld_signaltap_impl:sld_signaltap_body|sld_signaltap_implb:sld_signaltap_body|sld_ela_control:ela_control|sld_ela_basic_multi_level_trigger:\basic_multi_level_mbpm_trigger_gen:multi_level_mbpm|sld_mbpmg:\trigger_modules_gen:0:trigger_match|sld_sbpmg:\gen_sbpmg_pipeline_less_than_two:sm0:172:sm1      ; sld_sbpmg                         ; work         ;
;                      |sld_sbpmg:\gen_sbpmg_pipeline_less_than_two:sm0:173:sm1|                                                          ; 2 (2)               ; 2 (2)                     ; 0           ; 0            ; 0       ; 0         ; 0    ; 0            ; |top_loopback|sld_signaltap:auto_signaltap_0|sld_signaltap_impl:sld_signaltap_body|sld_signaltap_implb:sld_signaltap_body|sld_ela_control:ela_control|sld_ela_basic_multi_level_trigger:\basic_multi_level_mbpm_trigger_gen:multi_level_mbpm|sld_mbpmg:\trigger_modules_gen:0:trigger_match|sld_sbpmg:\gen_sbpmg_pipeline_less_than_two:sm0:173:sm1      ; sld_sbpmg                         ; work         ;
;                      |sld_sbpmg:\gen_sbpmg_pipeline_less_than_two:sm0:174:sm1|                                                          ; 2 (2)               ; 2 (2)                     ; 0           ; 0            ; 0       ; 0         ; 0    ; 0            ; |top_loopback|sld_signaltap:auto_signaltap_0|sld_signaltap_impl:sld_signaltap_body|sld_signaltap_implb:sld_signaltap_body|sld_ela_control:ela_control|sld_ela_basic_multi_level_trigger:\basic_multi_level_mbpm_trigger_gen:multi_level_mbpm|sld_mbpmg:\trigger_modules_gen:0:trigger_match|sld_sbpmg:\gen_sbpmg_pipeline_less_than_two:sm0:174:sm1      ; sld_sbpmg                         ; work         ;
;                      |sld_sbpmg:\gen_sbpmg_pipeline_less_than_two:sm0:175:sm1|                                                          ; 2 (2)               ; 2 (2)                     ; 0           ; 0            ; 0       ; 0         ; 0    ; 0            ; |top_loopback|sld_signaltap:auto_signaltap_0|sld_signaltap_impl:sld_signaltap_body|sld_signaltap_implb:sld_signaltap_body|sld_ela_control:ela_control|sld_ela_basic_multi_level_trigger:\basic_multi_level_mbpm_trigger_gen:multi_level_mbpm|sld_mbpmg:\trigger_modules_gen:0:trigger_match|sld_sbpmg:\gen_sbpmg_pipeline_less_than_two:sm0:175:sm1      ; sld_sbpmg                         ; work         ;
;                      |sld_sbpmg:\gen_sbpmg_pipeline_less_than_two:sm0:176:sm1|                                                          ; 2 (2)               ; 2 (2)                     ; 0           ; 0            ; 0       ; 0         ; 0    ; 0            ; |top_loopback|sld_signaltap:auto_signaltap_0|sld_signaltap_impl:sld_signaltap_body|sld_signaltap_implb:sld_signaltap_body|sld_ela_control:ela_control|sld_ela_basic_multi_level_trigger:\basic_multi_level_mbpm_trigger_gen:multi_level_mbpm|sld_mbpmg:\trigger_modules_gen:0:trigger_match|sld_sbpmg:\gen_sbpmg_pipeline_less_than_two:sm0:176:sm1      ; sld_sbpmg                         ; work         ;
;                      |sld_sbpmg:\gen_sbpmg_pipeline_less_than_two:sm0:177:sm1|                                                          ; 2 (2)               ; 2 (2)                     ; 0           ; 0            ; 0       ; 0         ; 0    ; 0            ; |top_loopback|sld_signaltap:auto_signaltap_0|sld_signaltap_impl:sld_signaltap_body|sld_signaltap_implb:sld_signaltap_body|sld_ela_control:ela_control|sld_ela_basic_multi_level_trigger:\basic_multi_level_mbpm_trigger_gen:multi_level_mbpm|sld_mbpmg:\trigger_modules_gen:0:trigger_match|sld_sbpmg:\gen_sbpmg_pipeline_less_than_two:sm0:177:sm1      ; sld_sbpmg                         ; work         ;
;                      |sld_sbpmg:\gen_sbpmg_pipeline_less_than_two:sm0:178:sm1|                                                          ; 2 (2)               ; 2 (2)                     ; 0           ; 0            ; 0       ; 0         ; 0    ; 0            ; |top_loopback|sld_signaltap:auto_signaltap_0|sld_signaltap_impl:sld_signaltap_body|sld_signaltap_implb:sld_signaltap_body|sld_ela_control:ela_control|sld_ela_basic_multi_level_trigger:\basic_multi_level_mbpm_trigger_gen:multi_level_mbpm|sld_mbpmg:\trigger_modules_gen:0:trigger_match|sld_sbpmg:\gen_sbpmg_pipeline_less_than_two:sm0:178:sm1      ; sld_sbpmg                         ; work         ;
;                      |sld_sbpmg:\gen_sbpmg_pipeline_less_than_two:sm0:179:sm1|                                                          ; 2 (2)               ; 2 (2)                     ; 0           ; 0            ; 0       ; 0         ; 0    ; 0            ; |top_loopback|sld_signaltap:auto_signaltap_0|sld_signaltap_impl:sld_signaltap_body|sld_signaltap_implb:sld_signaltap_body|sld_ela_control:ela_control|sld_ela_basic_multi_level_trigger:\basic_multi_level_mbpm_trigger_gen:multi_level_mbpm|sld_mbpmg:\trigger_modules_gen:0:trigger_match|sld_sbpmg:\gen_sbpmg_pipeline_less_than_two:sm0:179:sm1      ; sld_sbpmg                         ; work         ;
;                      |sld_sbpmg:\gen_sbpmg_pipeline_less_than_two:sm0:17:sm1|                                                           ; 2 (2)               ; 2 (2)                     ; 0           ; 0            ; 0       ; 0         ; 0    ; 0            ; |top_loopback|sld_signaltap:auto_signaltap_0|sld_signaltap_impl:sld_signaltap_body|sld_signaltap_implb:sld_signaltap_body|sld_ela_control:ela_control|sld_ela_basic_multi_level_trigger:\basic_multi_level_mbpm_trigger_gen:multi_level_mbpm|sld_mbpmg:\trigger_modules_gen:0:trigger_match|sld_sbpmg:\gen_sbpmg_pipeline_less_than_two:sm0:17:sm1       ; sld_sbpmg                         ; work         ;
;                      |sld_sbpmg:\gen_sbpmg_pipeline_less_than_two:sm0:180:sm1|                                                          ; 2 (2)               ; 2 (2)                     ; 0           ; 0            ; 0       ; 0         ; 0    ; 0            ; |top_loopback|sld_signaltap:auto_signaltap_0|sld_signaltap_impl:sld_signaltap_body|sld_signaltap_implb:sld_signaltap_body|sld_ela_control:ela_control|sld_ela_basic_multi_level_trigger:\basic_multi_level_mbpm_trigger_gen:multi_level_mbpm|sld_mbpmg:\trigger_modules_gen:0:trigger_match|sld_sbpmg:\gen_sbpmg_pipeline_less_than_two:sm0:180:sm1      ; sld_sbpmg                         ; work         ;
;                      |sld_sbpmg:\gen_sbpmg_pipeline_less_than_two:sm0:181:sm1|                                                          ; 2 (2)               ; 2 (2)                     ; 0           ; 0            ; 0       ; 0         ; 0    ; 0            ; |top_loopback|sld_signaltap:auto_signaltap_0|sld_signaltap_impl:sld_signaltap_body|sld_signaltap_implb:sld_signaltap_body|sld_ela_control:ela_control|sld_ela_basic_multi_level_trigger:\basic_multi_level_mbpm_trigger_gen:multi_level_mbpm|sld_mbpmg:\trigger_modules_gen:0:trigger_match|sld_sbpmg:\gen_sbpmg_pipeline_less_than_two:sm0:181:sm1      ; sld_sbpmg                         ; work         ;
;                      |sld_sbpmg:\gen_sbpmg_pipeline_less_than_two:sm0:182:sm1|                                                          ; 2 (2)               ; 2 (2)                     ; 0           ; 0            ; 0       ; 0         ; 0    ; 0            ; |top_loopback|sld_signaltap:auto_signaltap_0|sld_signaltap_impl:sld_signaltap_body|sld_signaltap_implb:sld_signaltap_body|sld_ela_control:ela_control|sld_ela_basic_multi_level_trigger:\basic_multi_level_mbpm_trigger_gen:multi_level_mbpm|sld_mbpmg:\trigger_modules_gen:0:trigger_match|sld_sbpmg:\gen_sbpmg_pipeline_less_than_two:sm0:182:sm1      ; sld_sbpmg                         ; work         ;
;                      |sld_sbpmg:\gen_sbpmg_pipeline_less_than_two:sm0:183:sm1|                                                          ; 2 (2)               ; 2 (2)                     ; 0           ; 0            ; 0       ; 0         ; 0    ; 0            ; |top_loopback|sld_signaltap:auto_signaltap_0|sld_signaltap_impl:sld_signaltap_body|sld_signaltap_implb:sld_signaltap_body|sld_ela_control:ela_control|sld_ela_basic_multi_level_trigger:\basic_multi_level_mbpm_trigger_gen:multi_level_mbpm|sld_mbpmg:\trigger_modules_gen:0:trigger_match|sld_sbpmg:\gen_sbpmg_pipeline_less_than_two:sm0:183:sm1      ; sld_sbpmg                         ; work         ;
;                      |sld_sbpmg:\gen_sbpmg_pipeline_less_than_two:sm0:184:sm1|                                                          ; 2 (2)               ; 2 (2)                     ; 0           ; 0            ; 0       ; 0         ; 0    ; 0            ; |top_loopback|sld_signaltap:auto_signaltap_0|sld_signaltap_impl:sld_signaltap_body|sld_signaltap_implb:sld_signaltap_body|sld_ela_control:ela_control|sld_ela_basic_multi_level_trigger:\basic_multi_level_mbpm_trigger_gen:multi_level_mbpm|sld_mbpmg:\trigger_modules_gen:0:trigger_match|sld_sbpmg:\gen_sbpmg_pipeline_less_than_two:sm0:184:sm1      ; sld_sbpmg                         ; work         ;
;                      |sld_sbpmg:\gen_sbpmg_pipeline_less_than_two:sm0:185:sm1|                                                          ; 2 (2)               ; 2 (2)                     ; 0           ; 0            ; 0       ; 0         ; 0    ; 0            ; |top_loopback|sld_signaltap:auto_signaltap_0|sld_signaltap_impl:sld_signaltap_body|sld_signaltap_implb:sld_signaltap_body|sld_ela_control:ela_control|sld_ela_basic_multi_level_trigger:\basic_multi_level_mbpm_trigger_gen:multi_level_mbpm|sld_mbpmg:\trigger_modules_gen:0:trigger_match|sld_sbpmg:\gen_sbpmg_pipeline_less_than_two:sm0:185:sm1      ; sld_sbpmg                         ; work         ;
;                      |sld_sbpmg:\gen_sbpmg_pipeline_less_than_two:sm0:186:sm1|                                                          ; 2 (2)               ; 2 (2)                     ; 0           ; 0            ; 0       ; 0         ; 0    ; 0            ; |top_loopback|sld_signaltap:auto_signaltap_0|sld_signaltap_impl:sld_signaltap_body|sld_signaltap_implb:sld_signaltap_body|sld_ela_control:ela_control|sld_ela_basic_multi_level_trigger:\basic_multi_level_mbpm_trigger_gen:multi_level_mbpm|sld_mbpmg:\trigger_modules_gen:0:trigger_match|sld_sbpmg:\gen_sbpmg_pipeline_less_than_two:sm0:186:sm1      ; sld_sbpmg                         ; work         ;
;                      |sld_sbpmg:\gen_sbpmg_pipeline_less_than_two:sm0:187:sm1|                                                          ; 2 (2)               ; 2 (2)                     ; 0           ; 0            ; 0       ; 0         ; 0    ; 0            ; |top_loopback|sld_signaltap:auto_signaltap_0|sld_signaltap_impl:sld_signaltap_body|sld_signaltap_implb:sld_signaltap_body|sld_ela_control:ela_control|sld_ela_basic_multi_level_trigger:\basic_multi_level_mbpm_trigger_gen:multi_level_mbpm|sld_mbpmg:\trigger_modules_gen:0:trigger_match|sld_sbpmg:\gen_sbpmg_pipeline_less_than_two:sm0:187:sm1      ; sld_sbpmg                         ; work         ;
;                      |sld_sbpmg:\gen_sbpmg_pipeline_less_than_two:sm0:188:sm1|                                                          ; 2 (2)               ; 2 (2)                     ; 0           ; 0            ; 0       ; 0         ; 0    ; 0            ; |top_loopback|sld_signaltap:auto_signaltap_0|sld_signaltap_impl:sld_signaltap_body|sld_signaltap_implb:sld_signaltap_body|sld_ela_control:ela_control|sld_ela_basic_multi_level_trigger:\basic_multi_level_mbpm_trigger_gen:multi_level_mbpm|sld_mbpmg:\trigger_modules_gen:0:trigger_match|sld_sbpmg:\gen_sbpmg_pipeline_less_than_two:sm0:188:sm1      ; sld_sbpmg                         ; work         ;
;                      |sld_sbpmg:\gen_sbpmg_pipeline_less_than_two:sm0:189:sm1|                                                          ; 2 (2)               ; 2 (2)                     ; 0           ; 0            ; 0       ; 0         ; 0    ; 0            ; |top_loopback|sld_signaltap:auto_signaltap_0|sld_signaltap_impl:sld_signaltap_body|sld_signaltap_implb:sld_signaltap_body|sld_ela_control:ela_control|sld_ela_basic_multi_level_trigger:\basic_multi_level_mbpm_trigger_gen:multi_level_mbpm|sld_mbpmg:\trigger_modules_gen:0:trigger_match|sld_sbpmg:\gen_sbpmg_pipeline_less_than_two:sm0:189:sm1      ; sld_sbpmg                         ; work         ;
;                      |sld_sbpmg:\gen_sbpmg_pipeline_less_than_two:sm0:18:sm1|                                                           ; 2 (2)               ; 2 (2)                     ; 0           ; 0            ; 0       ; 0         ; 0    ; 0            ; |top_loopback|sld_signaltap:auto_signaltap_0|sld_signaltap_impl:sld_signaltap_body|sld_signaltap_implb:sld_signaltap_body|sld_ela_control:ela_control|sld_ela_basic_multi_level_trigger:\basic_multi_level_mbpm_trigger_gen:multi_level_mbpm|sld_mbpmg:\trigger_modules_gen:0:trigger_match|sld_sbpmg:\gen_sbpmg_pipeline_less_than_two:sm0:18:sm1       ; sld_sbpmg                         ; work         ;
;                      |sld_sbpmg:\gen_sbpmg_pipeline_less_than_two:sm0:190:sm1|                                                          ; 2 (2)               ; 2 (2)                     ; 0           ; 0            ; 0       ; 0         ; 0    ; 0            ; |top_loopback|sld_signaltap:auto_signaltap_0|sld_signaltap_impl:sld_signaltap_body|sld_signaltap_implb:sld_signaltap_body|sld_ela_control:ela_control|sld_ela_basic_multi_level_trigger:\basic_multi_level_mbpm_trigger_gen:multi_level_mbpm|sld_mbpmg:\trigger_modules_gen:0:trigger_match|sld_sbpmg:\gen_sbpmg_pipeline_less_than_two:sm0:190:sm1      ; sld_sbpmg                         ; work         ;
;                      |sld_sbpmg:\gen_sbpmg_pipeline_less_than_two:sm0:191:sm1|                                                          ; 2 (2)               ; 2 (2)                     ; 0           ; 0            ; 0       ; 0         ; 0    ; 0            ; |top_loopback|sld_signaltap:auto_signaltap_0|sld_signaltap_impl:sld_signaltap_body|sld_signaltap_implb:sld_signaltap_body|sld_ela_control:ela_control|sld_ela_basic_multi_level_trigger:\basic_multi_level_mbpm_trigger_gen:multi_level_mbpm|sld_mbpmg:\trigger_modules_gen:0:trigger_match|sld_sbpmg:\gen_sbpmg_pipeline_less_than_two:sm0:191:sm1      ; sld_sbpmg                         ; work         ;
;                      |sld_sbpmg:\gen_sbpmg_pipeline_less_than_two:sm0:192:sm1|                                                          ; 2 (2)               ; 2 (2)                     ; 0           ; 0            ; 0       ; 0         ; 0    ; 0            ; |top_loopback|sld_signaltap:auto_signaltap_0|sld_signaltap_impl:sld_signaltap_body|sld_signaltap_implb:sld_signaltap_body|sld_ela_control:ela_control|sld_ela_basic_multi_level_trigger:\basic_multi_level_mbpm_trigger_gen:multi_level_mbpm|sld_mbpmg:\trigger_modules_gen:0:trigger_match|sld_sbpmg:\gen_sbpmg_pipeline_less_than_two:sm0:192:sm1      ; sld_sbpmg                         ; work         ;
;                      |sld_sbpmg:\gen_sbpmg_pipeline_less_than_two:sm0:193:sm1|                                                          ; 2 (2)               ; 2 (2)                     ; 0           ; 0            ; 0       ; 0         ; 0    ; 0            ; |top_loopback|sld_signaltap:auto_signaltap_0|sld_signaltap_impl:sld_signaltap_body|sld_signaltap_implb:sld_signaltap_body|sld_ela_control:ela_control|sld_ela_basic_multi_level_trigger:\basic_multi_level_mbpm_trigger_gen:multi_level_mbpm|sld_mbpmg:\trigger_modules_gen:0:trigger_match|sld_sbpmg:\gen_sbpmg_pipeline_less_than_two:sm0:193:sm1      ; sld_sbpmg                         ; work         ;
;                      |sld_sbpmg:\gen_sbpmg_pipeline_less_than_two:sm0:194:sm1|                                                          ; 2 (2)               ; 2 (2)                     ; 0           ; 0            ; 0       ; 0         ; 0    ; 0            ; |top_loopback|sld_signaltap:auto_signaltap_0|sld_signaltap_impl:sld_signaltap_body|sld_signaltap_implb:sld_signaltap_body|sld_ela_control:ela_control|sld_ela_basic_multi_level_trigger:\basic_multi_level_mbpm_trigger_gen:multi_level_mbpm|sld_mbpmg:\trigger_modules_gen:0:trigger_match|sld_sbpmg:\gen_sbpmg_pipeline_less_than_two:sm0:194:sm1      ; sld_sbpmg                         ; work         ;
;                      |sld_sbpmg:\gen_sbpmg_pipeline_less_than_two:sm0:19:sm1|                                                           ; 2 (2)               ; 2 (2)                     ; 0           ; 0            ; 0       ; 0         ; 0    ; 0            ; |top_loopback|sld_signaltap:auto_signaltap_0|sld_signaltap_impl:sld_signaltap_body|sld_signaltap_implb:sld_signaltap_body|sld_ela_control:ela_control|sld_ela_basic_multi_level_trigger:\basic_multi_level_mbpm_trigger_gen:multi_level_mbpm|sld_mbpmg:\trigger_modules_gen:0:trigger_match|sld_sbpmg:\gen_sbpmg_pipeline_less_than_two:sm0:19:sm1       ; sld_sbpmg                         ; work         ;
;                      |sld_sbpmg:\gen_sbpmg_pipeline_less_than_two:sm0:1:sm1|                                                            ; 2 (2)               ; 2 (2)                     ; 0           ; 0            ; 0       ; 0         ; 0    ; 0            ; |top_loopback|sld_signaltap:auto_signaltap_0|sld_signaltap_impl:sld_signaltap_body|sld_signaltap_implb:sld_signaltap_body|sld_ela_control:ela_control|sld_ela_basic_multi_level_trigger:\basic_multi_level_mbpm_trigger_gen:multi_level_mbpm|sld_mbpmg:\trigger_modules_gen:0:trigger_match|sld_sbpmg:\gen_sbpmg_pipeline_less_than_two:sm0:1:sm1        ; sld_sbpmg                         ; work         ;
;                      |sld_sbpmg:\gen_sbpmg_pipeline_less_than_two:sm0:20:sm1|                                                           ; 2 (2)               ; 2 (2)                     ; 0           ; 0            ; 0       ; 0         ; 0    ; 0            ; |top_loopback|sld_signaltap:auto_signaltap_0|sld_signaltap_impl:sld_signaltap_body|sld_signaltap_implb:sld_signaltap_body|sld_ela_control:ela_control|sld_ela_basic_multi_level_trigger:\basic_multi_level_mbpm_trigger_gen:multi_level_mbpm|sld_mbpmg:\trigger_modules_gen:0:trigger_match|sld_sbpmg:\gen_sbpmg_pipeline_less_than_two:sm0:20:sm1       ; sld_sbpmg                         ; work         ;
;                      |sld_sbpmg:\gen_sbpmg_pipeline_less_than_two:sm0:21:sm1|                                                           ; 2 (2)               ; 2 (2)                     ; 0           ; 0            ; 0       ; 0         ; 0    ; 0            ; |top_loopback|sld_signaltap:auto_signaltap_0|sld_signaltap_impl:sld_signaltap_body|sld_signaltap_implb:sld_signaltap_body|sld_ela_control:ela_control|sld_ela_basic_multi_level_trigger:\basic_multi_level_mbpm_trigger_gen:multi_level_mbpm|sld_mbpmg:\trigger_modules_gen:0:trigger_match|sld_sbpmg:\gen_sbpmg_pipeline_less_than_two:sm0:21:sm1       ; sld_sbpmg                         ; work         ;
;                      |sld_sbpmg:\gen_sbpmg_pipeline_less_than_two:sm0:22:sm1|                                                           ; 2 (2)               ; 2 (2)                     ; 0           ; 0            ; 0       ; 0         ; 0    ; 0            ; |top_loopback|sld_signaltap:auto_signaltap_0|sld_signaltap_impl:sld_signaltap_body|sld_signaltap_implb:sld_signaltap_body|sld_ela_control:ela_control|sld_ela_basic_multi_level_trigger:\basic_multi_level_mbpm_trigger_gen:multi_level_mbpm|sld_mbpmg:\trigger_modules_gen:0:trigger_match|sld_sbpmg:\gen_sbpmg_pipeline_less_than_two:sm0:22:sm1       ; sld_sbpmg                         ; work         ;
;                      |sld_sbpmg:\gen_sbpmg_pipeline_less_than_two:sm0:23:sm1|                                                           ; 2 (2)               ; 2 (2)                     ; 0           ; 0            ; 0       ; 0         ; 0    ; 0            ; |top_loopback|sld_signaltap:auto_signaltap_0|sld_signaltap_impl:sld_signaltap_body|sld_signaltap_implb:sld_signaltap_body|sld_ela_control:ela_control|sld_ela_basic_multi_level_trigger:\basic_multi_level_mbpm_trigger_gen:multi_level_mbpm|sld_mbpmg:\trigger_modules_gen:0:trigger_match|sld_sbpmg:\gen_sbpmg_pipeline_less_than_two:sm0:23:sm1       ; sld_sbpmg                         ; work         ;
;                      |sld_sbpmg:\gen_sbpmg_pipeline_less_than_two:sm0:24:sm1|                                                           ; 2 (2)               ; 2 (2)                     ; 0           ; 0            ; 0       ; 0         ; 0    ; 0            ; |top_loopback|sld_signaltap:auto_signaltap_0|sld_signaltap_impl:sld_signaltap_body|sld_signaltap_implb:sld_signaltap_body|sld_ela_control:ela_control|sld_ela_basic_multi_level_trigger:\basic_multi_level_mbpm_trigger_gen:multi_level_mbpm|sld_mbpmg:\trigger_modules_gen:0:trigger_match|sld_sbpmg:\gen_sbpmg_pipeline_less_than_two:sm0:24:sm1       ; sld_sbpmg                         ; work         ;
;                      |sld_sbpmg:\gen_sbpmg_pipeline_less_than_two:sm0:25:sm1|                                                           ; 2 (2)               ; 2 (2)                     ; 0           ; 0            ; 0       ; 0         ; 0    ; 0            ; |top_loopback|sld_signaltap:auto_signaltap_0|sld_signaltap_impl:sld_signaltap_body|sld_signaltap_implb:sld_signaltap_body|sld_ela_control:ela_control|sld_ela_basic_multi_level_trigger:\basic_multi_level_mbpm_trigger_gen:multi_level_mbpm|sld_mbpmg:\trigger_modules_gen:0:trigger_match|sld_sbpmg:\gen_sbpmg_pipeline_less_than_two:sm0:25:sm1       ; sld_sbpmg                         ; work         ;
;                      |sld_sbpmg:\gen_sbpmg_pipeline_less_than_two:sm0:26:sm1|                                                           ; 2 (2)               ; 2 (2)                     ; 0           ; 0            ; 0       ; 0         ; 0    ; 0            ; |top_loopback|sld_signaltap:auto_signaltap_0|sld_signaltap_impl:sld_signaltap_body|sld_signaltap_implb:sld_signaltap_body|sld_ela_control:ela_control|sld_ela_basic_multi_level_trigger:\basic_multi_level_mbpm_trigger_gen:multi_level_mbpm|sld_mbpmg:\trigger_modules_gen:0:trigger_match|sld_sbpmg:\gen_sbpmg_pipeline_less_than_two:sm0:26:sm1       ; sld_sbpmg                         ; work         ;
;                      |sld_sbpmg:\gen_sbpmg_pipeline_less_than_two:sm0:27:sm1|                                                           ; 2 (2)               ; 2 (2)                     ; 0           ; 0            ; 0       ; 0         ; 0    ; 0            ; |top_loopback|sld_signaltap:auto_signaltap_0|sld_signaltap_impl:sld_signaltap_body|sld_signaltap_implb:sld_signaltap_body|sld_ela_control:ela_control|sld_ela_basic_multi_level_trigger:\basic_multi_level_mbpm_trigger_gen:multi_level_mbpm|sld_mbpmg:\trigger_modules_gen:0:trigger_match|sld_sbpmg:\gen_sbpmg_pipeline_less_than_two:sm0:27:sm1       ; sld_sbpmg                         ; work         ;
;                      |sld_sbpmg:\gen_sbpmg_pipeline_less_than_two:sm0:28:sm1|                                                           ; 2 (2)               ; 2 (2)                     ; 0           ; 0            ; 0       ; 0         ; 0    ; 0            ; |top_loopback|sld_signaltap:auto_signaltap_0|sld_signaltap_impl:sld_signaltap_body|sld_signaltap_implb:sld_signaltap_body|sld_ela_control:ela_control|sld_ela_basic_multi_level_trigger:\basic_multi_level_mbpm_trigger_gen:multi_level_mbpm|sld_mbpmg:\trigger_modules_gen:0:trigger_match|sld_sbpmg:\gen_sbpmg_pipeline_less_than_two:sm0:28:sm1       ; sld_sbpmg                         ; work         ;
;                      |sld_sbpmg:\gen_sbpmg_pipeline_less_than_two:sm0:29:sm1|                                                           ; 2 (2)               ; 2 (2)                     ; 0           ; 0            ; 0       ; 0         ; 0    ; 0            ; |top_loopback|sld_signaltap:auto_signaltap_0|sld_signaltap_impl:sld_signaltap_body|sld_signaltap_implb:sld_signaltap_body|sld_ela_control:ela_control|sld_ela_basic_multi_level_trigger:\basic_multi_level_mbpm_trigger_gen:multi_level_mbpm|sld_mbpmg:\trigger_modules_gen:0:trigger_match|sld_sbpmg:\gen_sbpmg_pipeline_less_than_two:sm0:29:sm1       ; sld_sbpmg                         ; work         ;
;                      |sld_sbpmg:\gen_sbpmg_pipeline_less_than_two:sm0:2:sm1|                                                            ; 2 (2)               ; 2 (2)                     ; 0           ; 0            ; 0       ; 0         ; 0    ; 0            ; |top_loopback|sld_signaltap:auto_signaltap_0|sld_signaltap_impl:sld_signaltap_body|sld_signaltap_implb:sld_signaltap_body|sld_ela_control:ela_control|sld_ela_basic_multi_level_trigger:\basic_multi_level_mbpm_trigger_gen:multi_level_mbpm|sld_mbpmg:\trigger_modules_gen:0:trigger_match|sld_sbpmg:\gen_sbpmg_pipeline_less_than_two:sm0:2:sm1        ; sld_sbpmg                         ; work         ;
;                      |sld_sbpmg:\gen_sbpmg_pipeline_less_than_two:sm0:30:sm1|                                                           ; 2 (2)               ; 2 (2)                     ; 0           ; 0            ; 0       ; 0         ; 0    ; 0            ; |top_loopback|sld_signaltap:auto_signaltap_0|sld_signaltap_impl:sld_signaltap_body|sld_signaltap_implb:sld_signaltap_body|sld_ela_control:ela_control|sld_ela_basic_multi_level_trigger:\basic_multi_level_mbpm_trigger_gen:multi_level_mbpm|sld_mbpmg:\trigger_modules_gen:0:trigger_match|sld_sbpmg:\gen_sbpmg_pipeline_less_than_two:sm0:30:sm1       ; sld_sbpmg                         ; work         ;
;                      |sld_sbpmg:\gen_sbpmg_pipeline_less_than_two:sm0:31:sm1|                                                           ; 2 (2)               ; 2 (2)                     ; 0           ; 0            ; 0       ; 0         ; 0    ; 0            ; |top_loopback|sld_signaltap:auto_signaltap_0|sld_signaltap_impl:sld_signaltap_body|sld_signaltap_implb:sld_signaltap_body|sld_ela_control:ela_control|sld_ela_basic_multi_level_trigger:\basic_multi_level_mbpm_trigger_gen:multi_level_mbpm|sld_mbpmg:\trigger_modules_gen:0:trigger_match|sld_sbpmg:\gen_sbpmg_pipeline_less_than_two:sm0:31:sm1       ; sld_sbpmg                         ; work         ;
;                      |sld_sbpmg:\gen_sbpmg_pipeline_less_than_two:sm0:32:sm1|                                                           ; 2 (2)               ; 2 (2)                     ; 0           ; 0            ; 0       ; 0         ; 0    ; 0            ; |top_loopback|sld_signaltap:auto_signaltap_0|sld_signaltap_impl:sld_signaltap_body|sld_signaltap_implb:sld_signaltap_body|sld_ela_control:ela_control|sld_ela_basic_multi_level_trigger:\basic_multi_level_mbpm_trigger_gen:multi_level_mbpm|sld_mbpmg:\trigger_modules_gen:0:trigger_match|sld_sbpmg:\gen_sbpmg_pipeline_less_than_two:sm0:32:sm1       ; sld_sbpmg                         ; work         ;
;                      |sld_sbpmg:\gen_sbpmg_pipeline_less_than_two:sm0:33:sm1|                                                           ; 2 (2)               ; 2 (2)                     ; 0           ; 0            ; 0       ; 0         ; 0    ; 0            ; |top_loopback|sld_signaltap:auto_signaltap_0|sld_signaltap_impl:sld_signaltap_body|sld_signaltap_implb:sld_signaltap_body|sld_ela_control:ela_control|sld_ela_basic_multi_level_trigger:\basic_multi_level_mbpm_trigger_gen:multi_level_mbpm|sld_mbpmg:\trigger_modules_gen:0:trigger_match|sld_sbpmg:\gen_sbpmg_pipeline_less_than_two:sm0:33:sm1       ; sld_sbpmg                         ; work         ;
;                      |sld_sbpmg:\gen_sbpmg_pipeline_less_than_two:sm0:34:sm1|                                                           ; 2 (2)               ; 2 (2)                     ; 0           ; 0            ; 0       ; 0         ; 0    ; 0            ; |top_loopback|sld_signaltap:auto_signaltap_0|sld_signaltap_impl:sld_signaltap_body|sld_signaltap_implb:sld_signaltap_body|sld_ela_control:ela_control|sld_ela_basic_multi_level_trigger:\basic_multi_level_mbpm_trigger_gen:multi_level_mbpm|sld_mbpmg:\trigger_modules_gen:0:trigger_match|sld_sbpmg:\gen_sbpmg_pipeline_less_than_two:sm0:34:sm1       ; sld_sbpmg                         ; work         ;
;                      |sld_sbpmg:\gen_sbpmg_pipeline_less_than_two:sm0:35:sm1|                                                           ; 2 (2)               ; 2 (2)                     ; 0           ; 0            ; 0       ; 0         ; 0    ; 0            ; |top_loopback|sld_signaltap:auto_signaltap_0|sld_signaltap_impl:sld_signaltap_body|sld_signaltap_implb:sld_signaltap_body|sld_ela_control:ela_control|sld_ela_basic_multi_level_trigger:\basic_multi_level_mbpm_trigger_gen:multi_level_mbpm|sld_mbpmg:\trigger_modules_gen:0:trigger_match|sld_sbpmg:\gen_sbpmg_pipeline_less_than_two:sm0:35:sm1       ; sld_sbpmg                         ; work         ;
;                      |sld_sbpmg:\gen_sbpmg_pipeline_less_than_two:sm0:36:sm1|                                                           ; 2 (2)               ; 2 (2)                     ; 0           ; 0            ; 0       ; 0         ; 0    ; 0            ; |top_loopback|sld_signaltap:auto_signaltap_0|sld_signaltap_impl:sld_signaltap_body|sld_signaltap_implb:sld_signaltap_body|sld_ela_control:ela_control|sld_ela_basic_multi_level_trigger:\basic_multi_level_mbpm_trigger_gen:multi_level_mbpm|sld_mbpmg:\trigger_modules_gen:0:trigger_match|sld_sbpmg:\gen_sbpmg_pipeline_less_than_two:sm0:36:sm1       ; sld_sbpmg                         ; work         ;
;                      |sld_sbpmg:\gen_sbpmg_pipeline_less_than_two:sm0:37:sm1|                                                           ; 2 (2)               ; 2 (2)                     ; 0           ; 0            ; 0       ; 0         ; 0    ; 0            ; |top_loopback|sld_signaltap:auto_signaltap_0|sld_signaltap_impl:sld_signaltap_body|sld_signaltap_implb:sld_signaltap_body|sld_ela_control:ela_control|sld_ela_basic_multi_level_trigger:\basic_multi_level_mbpm_trigger_gen:multi_level_mbpm|sld_mbpmg:\trigger_modules_gen:0:trigger_match|sld_sbpmg:\gen_sbpmg_pipeline_less_than_two:sm0:37:sm1       ; sld_sbpmg                         ; work         ;
;                      |sld_sbpmg:\gen_sbpmg_pipeline_less_than_two:sm0:38:sm1|                                                           ; 2 (2)               ; 2 (2)                     ; 0           ; 0            ; 0       ; 0         ; 0    ; 0            ; |top_loopback|sld_signaltap:auto_signaltap_0|sld_signaltap_impl:sld_signaltap_body|sld_signaltap_implb:sld_signaltap_body|sld_ela_control:ela_control|sld_ela_basic_multi_level_trigger:\basic_multi_level_mbpm_trigger_gen:multi_level_mbpm|sld_mbpmg:\trigger_modules_gen:0:trigger_match|sld_sbpmg:\gen_sbpmg_pipeline_less_than_two:sm0:38:sm1       ; sld_sbpmg                         ; work         ;
;                      |sld_sbpmg:\gen_sbpmg_pipeline_less_than_two:sm0:39:sm1|                                                           ; 2 (2)               ; 2 (2)                     ; 0           ; 0            ; 0       ; 0         ; 0    ; 0            ; |top_loopback|sld_signaltap:auto_signaltap_0|sld_signaltap_impl:sld_signaltap_body|sld_signaltap_implb:sld_signaltap_body|sld_ela_control:ela_control|sld_ela_basic_multi_level_trigger:\basic_multi_level_mbpm_trigger_gen:multi_level_mbpm|sld_mbpmg:\trigger_modules_gen:0:trigger_match|sld_sbpmg:\gen_sbpmg_pipeline_less_than_two:sm0:39:sm1       ; sld_sbpmg                         ; work         ;
;                      |sld_sbpmg:\gen_sbpmg_pipeline_less_than_two:sm0:3:sm1|                                                            ; 2 (2)               ; 2 (2)                     ; 0           ; 0            ; 0       ; 0         ; 0    ; 0            ; |top_loopback|sld_signaltap:auto_signaltap_0|sld_signaltap_impl:sld_signaltap_body|sld_signaltap_implb:sld_signaltap_body|sld_ela_control:ela_control|sld_ela_basic_multi_level_trigger:\basic_multi_level_mbpm_trigger_gen:multi_level_mbpm|sld_mbpmg:\trigger_modules_gen:0:trigger_match|sld_sbpmg:\gen_sbpmg_pipeline_less_than_two:sm0:3:sm1        ; sld_sbpmg                         ; work         ;
;                      |sld_sbpmg:\gen_sbpmg_pipeline_less_than_two:sm0:40:sm1|                                                           ; 2 (2)               ; 2 (2)                     ; 0           ; 0            ; 0       ; 0         ; 0    ; 0            ; |top_loopback|sld_signaltap:auto_signaltap_0|sld_signaltap_impl:sld_signaltap_body|sld_signaltap_implb:sld_signaltap_body|sld_ela_control:ela_control|sld_ela_basic_multi_level_trigger:\basic_multi_level_mbpm_trigger_gen:multi_level_mbpm|sld_mbpmg:\trigger_modules_gen:0:trigger_match|sld_sbpmg:\gen_sbpmg_pipeline_less_than_two:sm0:40:sm1       ; sld_sbpmg                         ; work         ;
;                      |sld_sbpmg:\gen_sbpmg_pipeline_less_than_two:sm0:41:sm1|                                                           ; 2 (2)               ; 2 (2)                     ; 0           ; 0            ; 0       ; 0         ; 0    ; 0            ; |top_loopback|sld_signaltap:auto_signaltap_0|sld_signaltap_impl:sld_signaltap_body|sld_signaltap_implb:sld_signaltap_body|sld_ela_control:ela_control|sld_ela_basic_multi_level_trigger:\basic_multi_level_mbpm_trigger_gen:multi_level_mbpm|sld_mbpmg:\trigger_modules_gen:0:trigger_match|sld_sbpmg:\gen_sbpmg_pipeline_less_than_two:sm0:41:sm1       ; sld_sbpmg                         ; work         ;
;                      |sld_sbpmg:\gen_sbpmg_pipeline_less_than_two:sm0:42:sm1|                                                           ; 2 (2)               ; 2 (2)                     ; 0           ; 0            ; 0       ; 0         ; 0    ; 0            ; |top_loopback|sld_signaltap:auto_signaltap_0|sld_signaltap_impl:sld_signaltap_body|sld_signaltap_implb:sld_signaltap_body|sld_ela_control:ela_control|sld_ela_basic_multi_level_trigger:\basic_multi_level_mbpm_trigger_gen:multi_level_mbpm|sld_mbpmg:\trigger_modules_gen:0:trigger_match|sld_sbpmg:\gen_sbpmg_pipeline_less_than_two:sm0:42:sm1       ; sld_sbpmg                         ; work         ;
;                      |sld_sbpmg:\gen_sbpmg_pipeline_less_than_two:sm0:43:sm1|                                                           ; 2 (2)               ; 2 (2)                     ; 0           ; 0            ; 0       ; 0         ; 0    ; 0            ; |top_loopback|sld_signaltap:auto_signaltap_0|sld_signaltap_impl:sld_signaltap_body|sld_signaltap_implb:sld_signaltap_body|sld_ela_control:ela_control|sld_ela_basic_multi_level_trigger:\basic_multi_level_mbpm_trigger_gen:multi_level_mbpm|sld_mbpmg:\trigger_modules_gen:0:trigger_match|sld_sbpmg:\gen_sbpmg_pipeline_less_than_two:sm0:43:sm1       ; sld_sbpmg                         ; work         ;
;                      |sld_sbpmg:\gen_sbpmg_pipeline_less_than_two:sm0:44:sm1|                                                           ; 2 (2)               ; 2 (2)                     ; 0           ; 0            ; 0       ; 0         ; 0    ; 0            ; |top_loopback|sld_signaltap:auto_signaltap_0|sld_signaltap_impl:sld_signaltap_body|sld_signaltap_implb:sld_signaltap_body|sld_ela_control:ela_control|sld_ela_basic_multi_level_trigger:\basic_multi_level_mbpm_trigger_gen:multi_level_mbpm|sld_mbpmg:\trigger_modules_gen:0:trigger_match|sld_sbpmg:\gen_sbpmg_pipeline_less_than_two:sm0:44:sm1       ; sld_sbpmg                         ; work         ;
;                      |sld_sbpmg:\gen_sbpmg_pipeline_less_than_two:sm0:45:sm1|                                                           ; 2 (2)               ; 2 (2)                     ; 0           ; 0            ; 0       ; 0         ; 0    ; 0            ; |top_loopback|sld_signaltap:auto_signaltap_0|sld_signaltap_impl:sld_signaltap_body|sld_signaltap_implb:sld_signaltap_body|sld_ela_control:ela_control|sld_ela_basic_multi_level_trigger:\basic_multi_level_mbpm_trigger_gen:multi_level_mbpm|sld_mbpmg:\trigger_modules_gen:0:trigger_match|sld_sbpmg:\gen_sbpmg_pipeline_less_than_two:sm0:45:sm1       ; sld_sbpmg                         ; work         ;
;                      |sld_sbpmg:\gen_sbpmg_pipeline_less_than_two:sm0:46:sm1|                                                           ; 2 (2)               ; 2 (2)                     ; 0           ; 0            ; 0       ; 0         ; 0    ; 0            ; |top_loopback|sld_signaltap:auto_signaltap_0|sld_signaltap_impl:sld_signaltap_body|sld_signaltap_implb:sld_signaltap_body|sld_ela_control:ela_control|sld_ela_basic_multi_level_trigger:\basic_multi_level_mbpm_trigger_gen:multi_level_mbpm|sld_mbpmg:\trigger_modules_gen:0:trigger_match|sld_sbpmg:\gen_sbpmg_pipeline_less_than_two:sm0:46:sm1       ; sld_sbpmg                         ; work         ;
;                      |sld_sbpmg:\gen_sbpmg_pipeline_less_than_two:sm0:47:sm1|                                                           ; 2 (2)               ; 2 (2)                     ; 0           ; 0            ; 0       ; 0         ; 0    ; 0            ; |top_loopback|sld_signaltap:auto_signaltap_0|sld_signaltap_impl:sld_signaltap_body|sld_signaltap_implb:sld_signaltap_body|sld_ela_control:ela_control|sld_ela_basic_multi_level_trigger:\basic_multi_level_mbpm_trigger_gen:multi_level_mbpm|sld_mbpmg:\trigger_modules_gen:0:trigger_match|sld_sbpmg:\gen_sbpmg_pipeline_less_than_two:sm0:47:sm1       ; sld_sbpmg                         ; work         ;
;                      |sld_sbpmg:\gen_sbpmg_pipeline_less_than_two:sm0:48:sm1|                                                           ; 2 (2)               ; 2 (2)                     ; 0           ; 0            ; 0       ; 0         ; 0    ; 0            ; |top_loopback|sld_signaltap:auto_signaltap_0|sld_signaltap_impl:sld_signaltap_body|sld_signaltap_implb:sld_signaltap_body|sld_ela_control:ela_control|sld_ela_basic_multi_level_trigger:\basic_multi_level_mbpm_trigger_gen:multi_level_mbpm|sld_mbpmg:\trigger_modules_gen:0:trigger_match|sld_sbpmg:\gen_sbpmg_pipeline_less_than_two:sm0:48:sm1       ; sld_sbpmg                         ; work         ;
;                      |sld_sbpmg:\gen_sbpmg_pipeline_less_than_two:sm0:49:sm1|                                                           ; 2 (2)               ; 2 (2)                     ; 0           ; 0            ; 0       ; 0         ; 0    ; 0            ; |top_loopback|sld_signaltap:auto_signaltap_0|sld_signaltap_impl:sld_signaltap_body|sld_signaltap_implb:sld_signaltap_body|sld_ela_control:ela_control|sld_ela_basic_multi_level_trigger:\basic_multi_level_mbpm_trigger_gen:multi_level_mbpm|sld_mbpmg:\trigger_modules_gen:0:trigger_match|sld_sbpmg:\gen_sbpmg_pipeline_less_than_two:sm0:49:sm1       ; sld_sbpmg                         ; work         ;
;                      |sld_sbpmg:\gen_sbpmg_pipeline_less_than_two:sm0:4:sm1|                                                            ; 2 (2)               ; 2 (2)                     ; 0           ; 0            ; 0       ; 0         ; 0    ; 0            ; |top_loopback|sld_signaltap:auto_signaltap_0|sld_signaltap_impl:sld_signaltap_body|sld_signaltap_implb:sld_signaltap_body|sld_ela_control:ela_control|sld_ela_basic_multi_level_trigger:\basic_multi_level_mbpm_trigger_gen:multi_level_mbpm|sld_mbpmg:\trigger_modules_gen:0:trigger_match|sld_sbpmg:\gen_sbpmg_pipeline_less_than_two:sm0:4:sm1        ; sld_sbpmg                         ; work         ;
;                      |sld_sbpmg:\gen_sbpmg_pipeline_less_than_two:sm0:50:sm1|                                                           ; 2 (2)               ; 2 (2)                     ; 0           ; 0            ; 0       ; 0         ; 0    ; 0            ; |top_loopback|sld_signaltap:auto_signaltap_0|sld_signaltap_impl:sld_signaltap_body|sld_signaltap_implb:sld_signaltap_body|sld_ela_control:ela_control|sld_ela_basic_multi_level_trigger:\basic_multi_level_mbpm_trigger_gen:multi_level_mbpm|sld_mbpmg:\trigger_modules_gen:0:trigger_match|sld_sbpmg:\gen_sbpmg_pipeline_less_than_two:sm0:50:sm1       ; sld_sbpmg                         ; work         ;
;                      |sld_sbpmg:\gen_sbpmg_pipeline_less_than_two:sm0:51:sm1|                                                           ; 2 (2)               ; 2 (2)                     ; 0           ; 0            ; 0       ; 0         ; 0    ; 0            ; |top_loopback|sld_signaltap:auto_signaltap_0|sld_signaltap_impl:sld_signaltap_body|sld_signaltap_implb:sld_signaltap_body|sld_ela_control:ela_control|sld_ela_basic_multi_level_trigger:\basic_multi_level_mbpm_trigger_gen:multi_level_mbpm|sld_mbpmg:\trigger_modules_gen:0:trigger_match|sld_sbpmg:\gen_sbpmg_pipeline_less_than_two:sm0:51:sm1       ; sld_sbpmg                         ; work         ;
;                      |sld_sbpmg:\gen_sbpmg_pipeline_less_than_two:sm0:52:sm1|                                                           ; 2 (2)               ; 2 (2)                     ; 0           ; 0            ; 0       ; 0         ; 0    ; 0            ; |top_loopback|sld_signaltap:auto_signaltap_0|sld_signaltap_impl:sld_signaltap_body|sld_signaltap_implb:sld_signaltap_body|sld_ela_control:ela_control|sld_ela_basic_multi_level_trigger:\basic_multi_level_mbpm_trigger_gen:multi_level_mbpm|sld_mbpmg:\trigger_modules_gen:0:trigger_match|sld_sbpmg:\gen_sbpmg_pipeline_less_than_two:sm0:52:sm1       ; sld_sbpmg                         ; work         ;
;                      |sld_sbpmg:\gen_sbpmg_pipeline_less_than_two:sm0:53:sm1|                                                           ; 2 (2)               ; 2 (2)                     ; 0           ; 0            ; 0       ; 0         ; 0    ; 0            ; |top_loopback|sld_signaltap:auto_signaltap_0|sld_signaltap_impl:sld_signaltap_body|sld_signaltap_implb:sld_signaltap_body|sld_ela_control:ela_control|sld_ela_basic_multi_level_trigger:\basic_multi_level_mbpm_trigger_gen:multi_level_mbpm|sld_mbpmg:\trigger_modules_gen:0:trigger_match|sld_sbpmg:\gen_sbpmg_pipeline_less_than_two:sm0:53:sm1       ; sld_sbpmg                         ; work         ;
;                      |sld_sbpmg:\gen_sbpmg_pipeline_less_than_two:sm0:54:sm1|                                                           ; 2 (2)               ; 2 (2)                     ; 0           ; 0            ; 0       ; 0         ; 0    ; 0            ; |top_loopback|sld_signaltap:auto_signaltap_0|sld_signaltap_impl:sld_signaltap_body|sld_signaltap_implb:sld_signaltap_body|sld_ela_control:ela_control|sld_ela_basic_multi_level_trigger:\basic_multi_level_mbpm_trigger_gen:multi_level_mbpm|sld_mbpmg:\trigger_modules_gen:0:trigger_match|sld_sbpmg:\gen_sbpmg_pipeline_less_than_two:sm0:54:sm1       ; sld_sbpmg                         ; work         ;
;                      |sld_sbpmg:\gen_sbpmg_pipeline_less_than_two:sm0:55:sm1|                                                           ; 2 (2)               ; 2 (2)                     ; 0           ; 0            ; 0       ; 0         ; 0    ; 0            ; |top_loopback|sld_signaltap:auto_signaltap_0|sld_signaltap_impl:sld_signaltap_body|sld_signaltap_implb:sld_signaltap_body|sld_ela_control:ela_control|sld_ela_basic_multi_level_trigger:\basic_multi_level_mbpm_trigger_gen:multi_level_mbpm|sld_mbpmg:\trigger_modules_gen:0:trigger_match|sld_sbpmg:\gen_sbpmg_pipeline_less_than_two:sm0:55:sm1       ; sld_sbpmg                         ; work         ;
;                      |sld_sbpmg:\gen_sbpmg_pipeline_less_than_two:sm0:56:sm1|                                                           ; 2 (2)               ; 2 (2)                     ; 0           ; 0            ; 0       ; 0         ; 0    ; 0            ; |top_loopback|sld_signaltap:auto_signaltap_0|sld_signaltap_impl:sld_signaltap_body|sld_signaltap_implb:sld_signaltap_body|sld_ela_control:ela_control|sld_ela_basic_multi_level_trigger:\basic_multi_level_mbpm_trigger_gen:multi_level_mbpm|sld_mbpmg:\trigger_modules_gen:0:trigger_match|sld_sbpmg:\gen_sbpmg_pipeline_less_than_two:sm0:56:sm1       ; sld_sbpmg                         ; work         ;
;                      |sld_sbpmg:\gen_sbpmg_pipeline_less_than_two:sm0:57:sm1|                                                           ; 2 (2)               ; 2 (2)                     ; 0           ; 0            ; 0       ; 0         ; 0    ; 0            ; |top_loopback|sld_signaltap:auto_signaltap_0|sld_signaltap_impl:sld_signaltap_body|sld_signaltap_implb:sld_signaltap_body|sld_ela_control:ela_control|sld_ela_basic_multi_level_trigger:\basic_multi_level_mbpm_trigger_gen:multi_level_mbpm|sld_mbpmg:\trigger_modules_gen:0:trigger_match|sld_sbpmg:\gen_sbpmg_pipeline_less_than_two:sm0:57:sm1       ; sld_sbpmg                         ; work         ;
;                      |sld_sbpmg:\gen_sbpmg_pipeline_less_than_two:sm0:58:sm1|                                                           ; 2 (2)               ; 2 (2)                     ; 0           ; 0            ; 0       ; 0         ; 0    ; 0            ; |top_loopback|sld_signaltap:auto_signaltap_0|sld_signaltap_impl:sld_signaltap_body|sld_signaltap_implb:sld_signaltap_body|sld_ela_control:ela_control|sld_ela_basic_multi_level_trigger:\basic_multi_level_mbpm_trigger_gen:multi_level_mbpm|sld_mbpmg:\trigger_modules_gen:0:trigger_match|sld_sbpmg:\gen_sbpmg_pipeline_less_than_two:sm0:58:sm1       ; sld_sbpmg                         ; work         ;
;                      |sld_sbpmg:\gen_sbpmg_pipeline_less_than_two:sm0:59:sm1|                                                           ; 2 (2)               ; 2 (2)                     ; 0           ; 0            ; 0       ; 0         ; 0    ; 0            ; |top_loopback|sld_signaltap:auto_signaltap_0|sld_signaltap_impl:sld_signaltap_body|sld_signaltap_implb:sld_signaltap_body|sld_ela_control:ela_control|sld_ela_basic_multi_level_trigger:\basic_multi_level_mbpm_trigger_gen:multi_level_mbpm|sld_mbpmg:\trigger_modules_gen:0:trigger_match|sld_sbpmg:\gen_sbpmg_pipeline_less_than_two:sm0:59:sm1       ; sld_sbpmg                         ; work         ;
;                      |sld_sbpmg:\gen_sbpmg_pipeline_less_than_two:sm0:5:sm1|                                                            ; 2 (2)               ; 2 (2)                     ; 0           ; 0            ; 0       ; 0         ; 0    ; 0            ; |top_loopback|sld_signaltap:auto_signaltap_0|sld_signaltap_impl:sld_signaltap_body|sld_signaltap_implb:sld_signaltap_body|sld_ela_control:ela_control|sld_ela_basic_multi_level_trigger:\basic_multi_level_mbpm_trigger_gen:multi_level_mbpm|sld_mbpmg:\trigger_modules_gen:0:trigger_match|sld_sbpmg:\gen_sbpmg_pipeline_less_than_two:sm0:5:sm1        ; sld_sbpmg                         ; work         ;
;                      |sld_sbpmg:\gen_sbpmg_pipeline_less_than_two:sm0:60:sm1|                                                           ; 2 (2)               ; 2 (2)                     ; 0           ; 0            ; 0       ; 0         ; 0    ; 0            ; |top_loopback|sld_signaltap:auto_signaltap_0|sld_signaltap_impl:sld_signaltap_body|sld_signaltap_implb:sld_signaltap_body|sld_ela_control:ela_control|sld_ela_basic_multi_level_trigger:\basic_multi_level_mbpm_trigger_gen:multi_level_mbpm|sld_mbpmg:\trigger_modules_gen:0:trigger_match|sld_sbpmg:\gen_sbpmg_pipeline_less_than_two:sm0:60:sm1       ; sld_sbpmg                         ; work         ;
;                      |sld_sbpmg:\gen_sbpmg_pipeline_less_than_two:sm0:61:sm1|                                                           ; 2 (2)               ; 2 (2)                     ; 0           ; 0            ; 0       ; 0         ; 0    ; 0            ; |top_loopback|sld_signaltap:auto_signaltap_0|sld_signaltap_impl:sld_signaltap_body|sld_signaltap_implb:sld_signaltap_body|sld_ela_control:ela_control|sld_ela_basic_multi_level_trigger:\basic_multi_level_mbpm_trigger_gen:multi_level_mbpm|sld_mbpmg:\trigger_modules_gen:0:trigger_match|sld_sbpmg:\gen_sbpmg_pipeline_less_than_two:sm0:61:sm1       ; sld_sbpmg                         ; work         ;
;                      |sld_sbpmg:\gen_sbpmg_pipeline_less_than_two:sm0:62:sm1|                                                           ; 2 (2)               ; 2 (2)                     ; 0           ; 0            ; 0       ; 0         ; 0    ; 0            ; |top_loopback|sld_signaltap:auto_signaltap_0|sld_signaltap_impl:sld_signaltap_body|sld_signaltap_implb:sld_signaltap_body|sld_ela_control:ela_control|sld_ela_basic_multi_level_trigger:\basic_multi_level_mbpm_trigger_gen:multi_level_mbpm|sld_mbpmg:\trigger_modules_gen:0:trigger_match|sld_sbpmg:\gen_sbpmg_pipeline_less_than_two:sm0:62:sm1       ; sld_sbpmg                         ; work         ;
;                      |sld_sbpmg:\gen_sbpmg_pipeline_less_than_two:sm0:63:sm1|                                                           ; 2 (2)               ; 2 (2)                     ; 0           ; 0            ; 0       ; 0         ; 0    ; 0            ; |top_loopback|sld_signaltap:auto_signaltap_0|sld_signaltap_impl:sld_signaltap_body|sld_signaltap_implb:sld_signaltap_body|sld_ela_control:ela_control|sld_ela_basic_multi_level_trigger:\basic_multi_level_mbpm_trigger_gen:multi_level_mbpm|sld_mbpmg:\trigger_modules_gen:0:trigger_match|sld_sbpmg:\gen_sbpmg_pipeline_less_than_two:sm0:63:sm1       ; sld_sbpmg                         ; work         ;
;                      |sld_sbpmg:\gen_sbpmg_pipeline_less_than_two:sm0:64:sm1|                                                           ; 2 (2)               ; 2 (2)                     ; 0           ; 0            ; 0       ; 0         ; 0    ; 0            ; |top_loopback|sld_signaltap:auto_signaltap_0|sld_signaltap_impl:sld_signaltap_body|sld_signaltap_implb:sld_signaltap_body|sld_ela_control:ela_control|sld_ela_basic_multi_level_trigger:\basic_multi_level_mbpm_trigger_gen:multi_level_mbpm|sld_mbpmg:\trigger_modules_gen:0:trigger_match|sld_sbpmg:\gen_sbpmg_pipeline_less_than_two:sm0:64:sm1       ; sld_sbpmg                         ; work         ;
;                      |sld_sbpmg:\gen_sbpmg_pipeline_less_than_two:sm0:65:sm1|                                                           ; 2 (2)               ; 2 (2)                     ; 0           ; 0            ; 0       ; 0         ; 0    ; 0            ; |top_loopback|sld_signaltap:auto_signaltap_0|sld_signaltap_impl:sld_signaltap_body|sld_signaltap_implb:sld_signaltap_body|sld_ela_control:ela_control|sld_ela_basic_multi_level_trigger:\basic_multi_level_mbpm_trigger_gen:multi_level_mbpm|sld_mbpmg:\trigger_modules_gen:0:trigger_match|sld_sbpmg:\gen_sbpmg_pipeline_less_than_two:sm0:65:sm1       ; sld_sbpmg                         ; work         ;
;                      |sld_sbpmg:\gen_sbpmg_pipeline_less_than_two:sm0:66:sm1|                                                           ; 2 (2)               ; 2 (2)                     ; 0           ; 0            ; 0       ; 0         ; 0    ; 0            ; |top_loopback|sld_signaltap:auto_signaltap_0|sld_signaltap_impl:sld_signaltap_body|sld_signaltap_implb:sld_signaltap_body|sld_ela_control:ela_control|sld_ela_basic_multi_level_trigger:\basic_multi_level_mbpm_trigger_gen:multi_level_mbpm|sld_mbpmg:\trigger_modules_gen:0:trigger_match|sld_sbpmg:\gen_sbpmg_pipeline_less_than_two:sm0:66:sm1       ; sld_sbpmg                         ; work         ;
;                      |sld_sbpmg:\gen_sbpmg_pipeline_less_than_two:sm0:67:sm1|                                                           ; 2 (2)               ; 2 (2)                     ; 0           ; 0            ; 0       ; 0         ; 0    ; 0            ; |top_loopback|sld_signaltap:auto_signaltap_0|sld_signaltap_impl:sld_signaltap_body|sld_signaltap_implb:sld_signaltap_body|sld_ela_control:ela_control|sld_ela_basic_multi_level_trigger:\basic_multi_level_mbpm_trigger_gen:multi_level_mbpm|sld_mbpmg:\trigger_modules_gen:0:trigger_match|sld_sbpmg:\gen_sbpmg_pipeline_less_than_two:sm0:67:sm1       ; sld_sbpmg                         ; work         ;
;                      |sld_sbpmg:\gen_sbpmg_pipeline_less_than_two:sm0:68:sm1|                                                           ; 2 (2)               ; 2 (2)                     ; 0           ; 0            ; 0       ; 0         ; 0    ; 0            ; |top_loopback|sld_signaltap:auto_signaltap_0|sld_signaltap_impl:sld_signaltap_body|sld_signaltap_implb:sld_signaltap_body|sld_ela_control:ela_control|sld_ela_basic_multi_level_trigger:\basic_multi_level_mbpm_trigger_gen:multi_level_mbpm|sld_mbpmg:\trigger_modules_gen:0:trigger_match|sld_sbpmg:\gen_sbpmg_pipeline_less_than_two:sm0:68:sm1       ; sld_sbpmg                         ; work         ;
;                      |sld_sbpmg:\gen_sbpmg_pipeline_less_than_two:sm0:69:sm1|                                                           ; 2 (2)               ; 2 (2)                     ; 0           ; 0            ; 0       ; 0         ; 0    ; 0            ; |top_loopback|sld_signaltap:auto_signaltap_0|sld_signaltap_impl:sld_signaltap_body|sld_signaltap_implb:sld_signaltap_body|sld_ela_control:ela_control|sld_ela_basic_multi_level_trigger:\basic_multi_level_mbpm_trigger_gen:multi_level_mbpm|sld_mbpmg:\trigger_modules_gen:0:trigger_match|sld_sbpmg:\gen_sbpmg_pipeline_less_than_two:sm0:69:sm1       ; sld_sbpmg                         ; work         ;
;                      |sld_sbpmg:\gen_sbpmg_pipeline_less_than_two:sm0:6:sm1|                                                            ; 2 (2)               ; 2 (2)                     ; 0           ; 0            ; 0       ; 0         ; 0    ; 0            ; |top_loopback|sld_signaltap:auto_signaltap_0|sld_signaltap_impl:sld_signaltap_body|sld_signaltap_implb:sld_signaltap_body|sld_ela_control:ela_control|sld_ela_basic_multi_level_trigger:\basic_multi_level_mbpm_trigger_gen:multi_level_mbpm|sld_mbpmg:\trigger_modules_gen:0:trigger_match|sld_sbpmg:\gen_sbpmg_pipeline_less_than_two:sm0:6:sm1        ; sld_sbpmg                         ; work         ;
;                      |sld_sbpmg:\gen_sbpmg_pipeline_less_than_two:sm0:70:sm1|                                                           ; 2 (2)               ; 2 (2)                     ; 0           ; 0            ; 0       ; 0         ; 0    ; 0            ; |top_loopback|sld_signaltap:auto_signaltap_0|sld_signaltap_impl:sld_signaltap_body|sld_signaltap_implb:sld_signaltap_body|sld_ela_control:ela_control|sld_ela_basic_multi_level_trigger:\basic_multi_level_mbpm_trigger_gen:multi_level_mbpm|sld_mbpmg:\trigger_modules_gen:0:trigger_match|sld_sbpmg:\gen_sbpmg_pipeline_less_than_two:sm0:70:sm1       ; sld_sbpmg                         ; work         ;
;                      |sld_sbpmg:\gen_sbpmg_pipeline_less_than_two:sm0:71:sm1|                                                           ; 2 (2)               ; 2 (2)                     ; 0           ; 0            ; 0       ; 0         ; 0    ; 0            ; |top_loopback|sld_signaltap:auto_signaltap_0|sld_signaltap_impl:sld_signaltap_body|sld_signaltap_implb:sld_signaltap_body|sld_ela_control:ela_control|sld_ela_basic_multi_level_trigger:\basic_multi_level_mbpm_trigger_gen:multi_level_mbpm|sld_mbpmg:\trigger_modules_gen:0:trigger_match|sld_sbpmg:\gen_sbpmg_pipeline_less_than_two:sm0:71:sm1       ; sld_sbpmg                         ; work         ;
;                      |sld_sbpmg:\gen_sbpmg_pipeline_less_than_two:sm0:72:sm1|                                                           ; 2 (2)               ; 2 (2)                     ; 0           ; 0            ; 0       ; 0         ; 0    ; 0            ; |top_loopback|sld_signaltap:auto_signaltap_0|sld_signaltap_impl:sld_signaltap_body|sld_signaltap_implb:sld_signaltap_body|sld_ela_control:ela_control|sld_ela_basic_multi_level_trigger:\basic_multi_level_mbpm_trigger_gen:multi_level_mbpm|sld_mbpmg:\trigger_modules_gen:0:trigger_match|sld_sbpmg:\gen_sbpmg_pipeline_less_than_two:sm0:72:sm1       ; sld_sbpmg                         ; work         ;
;                      |sld_sbpmg:\gen_sbpmg_pipeline_less_than_two:sm0:73:sm1|                                                           ; 2 (2)               ; 2 (2)                     ; 0           ; 0            ; 0       ; 0         ; 0    ; 0            ; |top_loopback|sld_signaltap:auto_signaltap_0|sld_signaltap_impl:sld_signaltap_body|sld_signaltap_implb:sld_signaltap_body|sld_ela_control:ela_control|sld_ela_basic_multi_level_trigger:\basic_multi_level_mbpm_trigger_gen:multi_level_mbpm|sld_mbpmg:\trigger_modules_gen:0:trigger_match|sld_sbpmg:\gen_sbpmg_pipeline_less_than_two:sm0:73:sm1       ; sld_sbpmg                         ; work         ;
;                      |sld_sbpmg:\gen_sbpmg_pipeline_less_than_two:sm0:74:sm1|                                                           ; 2 (2)               ; 2 (2)                     ; 0           ; 0            ; 0       ; 0         ; 0    ; 0            ; |top_loopback|sld_signaltap:auto_signaltap_0|sld_signaltap_impl:sld_signaltap_body|sld_signaltap_implb:sld_signaltap_body|sld_ela_control:ela_control|sld_ela_basic_multi_level_trigger:\basic_multi_level_mbpm_trigger_gen:multi_level_mbpm|sld_mbpmg:\trigger_modules_gen:0:trigger_match|sld_sbpmg:\gen_sbpmg_pipeline_less_than_two:sm0:74:sm1       ; sld_sbpmg                         ; work         ;
;                      |sld_sbpmg:\gen_sbpmg_pipeline_less_than_two:sm0:75:sm1|                                                           ; 2 (2)               ; 2 (2)                     ; 0           ; 0            ; 0       ; 0         ; 0    ; 0            ; |top_loopback|sld_signaltap:auto_signaltap_0|sld_signaltap_impl:sld_signaltap_body|sld_signaltap_implb:sld_signaltap_body|sld_ela_control:ela_control|sld_ela_basic_multi_level_trigger:\basic_multi_level_mbpm_trigger_gen:multi_level_mbpm|sld_mbpmg:\trigger_modules_gen:0:trigger_match|sld_sbpmg:\gen_sbpmg_pipeline_less_than_two:sm0:75:sm1       ; sld_sbpmg                         ; work         ;
;                      |sld_sbpmg:\gen_sbpmg_pipeline_less_than_two:sm0:76:sm1|                                                           ; 2 (2)               ; 2 (2)                     ; 0           ; 0            ; 0       ; 0         ; 0    ; 0            ; |top_loopback|sld_signaltap:auto_signaltap_0|sld_signaltap_impl:sld_signaltap_body|sld_signaltap_implb:sld_signaltap_body|sld_ela_control:ela_control|sld_ela_basic_multi_level_trigger:\basic_multi_level_mbpm_trigger_gen:multi_level_mbpm|sld_mbpmg:\trigger_modules_gen:0:trigger_match|sld_sbpmg:\gen_sbpmg_pipeline_less_than_two:sm0:76:sm1       ; sld_sbpmg                         ; work         ;
;                      |sld_sbpmg:\gen_sbpmg_pipeline_less_than_two:sm0:77:sm1|                                                           ; 2 (2)               ; 2 (2)                     ; 0           ; 0            ; 0       ; 0         ; 0    ; 0            ; |top_loopback|sld_signaltap:auto_signaltap_0|sld_signaltap_impl:sld_signaltap_body|sld_signaltap_implb:sld_signaltap_body|sld_ela_control:ela_control|sld_ela_basic_multi_level_trigger:\basic_multi_level_mbpm_trigger_gen:multi_level_mbpm|sld_mbpmg:\trigger_modules_gen:0:trigger_match|sld_sbpmg:\gen_sbpmg_pipeline_less_than_two:sm0:77:sm1       ; sld_sbpmg                         ; work         ;
;                      |sld_sbpmg:\gen_sbpmg_pipeline_less_than_two:sm0:78:sm1|                                                           ; 2 (2)               ; 2 (2)                     ; 0           ; 0            ; 0       ; 0         ; 0    ; 0            ; |top_loopback|sld_signaltap:auto_signaltap_0|sld_signaltap_impl:sld_signaltap_body|sld_signaltap_implb:sld_signaltap_body|sld_ela_control:ela_control|sld_ela_basic_multi_level_trigger:\basic_multi_level_mbpm_trigger_gen:multi_level_mbpm|sld_mbpmg:\trigger_modules_gen:0:trigger_match|sld_sbpmg:\gen_sbpmg_pipeline_less_than_two:sm0:78:sm1       ; sld_sbpmg                         ; work         ;
;                      |sld_sbpmg:\gen_sbpmg_pipeline_less_than_two:sm0:79:sm1|                                                           ; 2 (2)               ; 2 (2)                     ; 0           ; 0            ; 0       ; 0         ; 0    ; 0            ; |top_loopback|sld_signaltap:auto_signaltap_0|sld_signaltap_impl:sld_signaltap_body|sld_signaltap_implb:sld_signaltap_body|sld_ela_control:ela_control|sld_ela_basic_multi_level_trigger:\basic_multi_level_mbpm_trigger_gen:multi_level_mbpm|sld_mbpmg:\trigger_modules_gen:0:trigger_match|sld_sbpmg:\gen_sbpmg_pipeline_less_than_two:sm0:79:sm1       ; sld_sbpmg                         ; work         ;
;                      |sld_sbpmg:\gen_sbpmg_pipeline_less_than_two:sm0:7:sm1|                                                            ; 2 (2)               ; 2 (2)                     ; 0           ; 0            ; 0       ; 0         ; 0    ; 0            ; |top_loopback|sld_signaltap:auto_signaltap_0|sld_signaltap_impl:sld_signaltap_body|sld_signaltap_implb:sld_signaltap_body|sld_ela_control:ela_control|sld_ela_basic_multi_level_trigger:\basic_multi_level_mbpm_trigger_gen:multi_level_mbpm|sld_mbpmg:\trigger_modules_gen:0:trigger_match|sld_sbpmg:\gen_sbpmg_pipeline_less_than_two:sm0:7:sm1        ; sld_sbpmg                         ; work         ;
;                      |sld_sbpmg:\gen_sbpmg_pipeline_less_than_two:sm0:80:sm1|                                                           ; 2 (2)               ; 2 (2)                     ; 0           ; 0            ; 0       ; 0         ; 0    ; 0            ; |top_loopback|sld_signaltap:auto_signaltap_0|sld_signaltap_impl:sld_signaltap_body|sld_signaltap_implb:sld_signaltap_body|sld_ela_control:ela_control|sld_ela_basic_multi_level_trigger:\basic_multi_level_mbpm_trigger_gen:multi_level_mbpm|sld_mbpmg:\trigger_modules_gen:0:trigger_match|sld_sbpmg:\gen_sbpmg_pipeline_less_than_two:sm0:80:sm1       ; sld_sbpmg                         ; work         ;
;                      |sld_sbpmg:\gen_sbpmg_pipeline_less_than_two:sm0:81:sm1|                                                           ; 2 (2)               ; 2 (2)                     ; 0           ; 0            ; 0       ; 0         ; 0    ; 0            ; |top_loopback|sld_signaltap:auto_signaltap_0|sld_signaltap_impl:sld_signaltap_body|sld_signaltap_implb:sld_signaltap_body|sld_ela_control:ela_control|sld_ela_basic_multi_level_trigger:\basic_multi_level_mbpm_trigger_gen:multi_level_mbpm|sld_mbpmg:\trigger_modules_gen:0:trigger_match|sld_sbpmg:\gen_sbpmg_pipeline_less_than_two:sm0:81:sm1       ; sld_sbpmg                         ; work         ;
;                      |sld_sbpmg:\gen_sbpmg_pipeline_less_than_two:sm0:82:sm1|                                                           ; 2 (2)               ; 2 (2)                     ; 0           ; 0            ; 0       ; 0         ; 0    ; 0            ; |top_loopback|sld_signaltap:auto_signaltap_0|sld_signaltap_impl:sld_signaltap_body|sld_signaltap_implb:sld_signaltap_body|sld_ela_control:ela_control|sld_ela_basic_multi_level_trigger:\basic_multi_level_mbpm_trigger_gen:multi_level_mbpm|sld_mbpmg:\trigger_modules_gen:0:trigger_match|sld_sbpmg:\gen_sbpmg_pipeline_less_than_two:sm0:82:sm1       ; sld_sbpmg                         ; work         ;
;                      |sld_sbpmg:\gen_sbpmg_pipeline_less_than_two:sm0:83:sm1|                                                           ; 2 (2)               ; 2 (2)                     ; 0           ; 0            ; 0       ; 0         ; 0    ; 0            ; |top_loopback|sld_signaltap:auto_signaltap_0|sld_signaltap_impl:sld_signaltap_body|sld_signaltap_implb:sld_signaltap_body|sld_ela_control:ela_control|sld_ela_basic_multi_level_trigger:\basic_multi_level_mbpm_trigger_gen:multi_level_mbpm|sld_mbpmg:\trigger_modules_gen:0:trigger_match|sld_sbpmg:\gen_sbpmg_pipeline_less_than_two:sm0:83:sm1       ; sld_sbpmg                         ; work         ;
;                      |sld_sbpmg:\gen_sbpmg_pipeline_less_than_two:sm0:84:sm1|                                                           ; 2 (2)               ; 2 (2)                     ; 0           ; 0            ; 0       ; 0         ; 0    ; 0            ; |top_loopback|sld_signaltap:auto_signaltap_0|sld_signaltap_impl:sld_signaltap_body|sld_signaltap_implb:sld_signaltap_body|sld_ela_control:ela_control|sld_ela_basic_multi_level_trigger:\basic_multi_level_mbpm_trigger_gen:multi_level_mbpm|sld_mbpmg:\trigger_modules_gen:0:trigger_match|sld_sbpmg:\gen_sbpmg_pipeline_less_than_two:sm0:84:sm1       ; sld_sbpmg                         ; work         ;
;                      |sld_sbpmg:\gen_sbpmg_pipeline_less_than_two:sm0:85:sm1|                                                           ; 2 (2)               ; 2 (2)                     ; 0           ; 0            ; 0       ; 0         ; 0    ; 0            ; |top_loopback|sld_signaltap:auto_signaltap_0|sld_signaltap_impl:sld_signaltap_body|sld_signaltap_implb:sld_signaltap_body|sld_ela_control:ela_control|sld_ela_basic_multi_level_trigger:\basic_multi_level_mbpm_trigger_gen:multi_level_mbpm|sld_mbpmg:\trigger_modules_gen:0:trigger_match|sld_sbpmg:\gen_sbpmg_pipeline_less_than_two:sm0:85:sm1       ; sld_sbpmg                         ; work         ;
;                      |sld_sbpmg:\gen_sbpmg_pipeline_less_than_two:sm0:86:sm1|                                                           ; 2 (2)               ; 2 (2)                     ; 0           ; 0            ; 0       ; 0         ; 0    ; 0            ; |top_loopback|sld_signaltap:auto_signaltap_0|sld_signaltap_impl:sld_signaltap_body|sld_signaltap_implb:sld_signaltap_body|sld_ela_control:ela_control|sld_ela_basic_multi_level_trigger:\basic_multi_level_mbpm_trigger_gen:multi_level_mbpm|sld_mbpmg:\trigger_modules_gen:0:trigger_match|sld_sbpmg:\gen_sbpmg_pipeline_less_than_two:sm0:86:sm1       ; sld_sbpmg                         ; work         ;
;                      |sld_sbpmg:\gen_sbpmg_pipeline_less_than_two:sm0:87:sm1|                                                           ; 2 (2)               ; 2 (2)                     ; 0           ; 0            ; 0       ; 0         ; 0    ; 0            ; |top_loopback|sld_signaltap:auto_signaltap_0|sld_signaltap_impl:sld_signaltap_body|sld_signaltap_implb:sld_signaltap_body|sld_ela_control:ela_control|sld_ela_basic_multi_level_trigger:\basic_multi_level_mbpm_trigger_gen:multi_level_mbpm|sld_mbpmg:\trigger_modules_gen:0:trigger_match|sld_sbpmg:\gen_sbpmg_pipeline_less_than_two:sm0:87:sm1       ; sld_sbpmg                         ; work         ;
;                      |sld_sbpmg:\gen_sbpmg_pipeline_less_than_two:sm0:88:sm1|                                                           ; 2 (2)               ; 2 (2)                     ; 0           ; 0            ; 0       ; 0         ; 0    ; 0            ; |top_loopback|sld_signaltap:auto_signaltap_0|sld_signaltap_impl:sld_signaltap_body|sld_signaltap_implb:sld_signaltap_body|sld_ela_control:ela_control|sld_ela_basic_multi_level_trigger:\basic_multi_level_mbpm_trigger_gen:multi_level_mbpm|sld_mbpmg:\trigger_modules_gen:0:trigger_match|sld_sbpmg:\gen_sbpmg_pipeline_less_than_two:sm0:88:sm1       ; sld_sbpmg                         ; work         ;
;                      |sld_sbpmg:\gen_sbpmg_pipeline_less_than_two:sm0:89:sm1|                                                           ; 2 (2)               ; 2 (2)                     ; 0           ; 0            ; 0       ; 0         ; 0    ; 0            ; |top_loopback|sld_signaltap:auto_signaltap_0|sld_signaltap_impl:sld_signaltap_body|sld_signaltap_implb:sld_signaltap_body|sld_ela_control:ela_control|sld_ela_basic_multi_level_trigger:\basic_multi_level_mbpm_trigger_gen:multi_level_mbpm|sld_mbpmg:\trigger_modules_gen:0:trigger_match|sld_sbpmg:\gen_sbpmg_pipeline_less_than_two:sm0:89:sm1       ; sld_sbpmg                         ; work         ;
;                      |sld_sbpmg:\gen_sbpmg_pipeline_less_than_two:sm0:8:sm1|                                                            ; 2 (2)               ; 2 (2)                     ; 0           ; 0            ; 0       ; 0         ; 0    ; 0            ; |top_loopback|sld_signaltap:auto_signaltap_0|sld_signaltap_impl:sld_signaltap_body|sld_signaltap_implb:sld_signaltap_body|sld_ela_control:ela_control|sld_ela_basic_multi_level_trigger:\basic_multi_level_mbpm_trigger_gen:multi_level_mbpm|sld_mbpmg:\trigger_modules_gen:0:trigger_match|sld_sbpmg:\gen_sbpmg_pipeline_less_than_two:sm0:8:sm1        ; sld_sbpmg                         ; work         ;
;                      |sld_sbpmg:\gen_sbpmg_pipeline_less_than_two:sm0:90:sm1|                                                           ; 2 (2)               ; 2 (2)                     ; 0           ; 0            ; 0       ; 0         ; 0    ; 0            ; |top_loopback|sld_signaltap:auto_signaltap_0|sld_signaltap_impl:sld_signaltap_body|sld_signaltap_implb:sld_signaltap_body|sld_ela_control:ela_control|sld_ela_basic_multi_level_trigger:\basic_multi_level_mbpm_trigger_gen:multi_level_mbpm|sld_mbpmg:\trigger_modules_gen:0:trigger_match|sld_sbpmg:\gen_sbpmg_pipeline_less_than_two:sm0:90:sm1       ; sld_sbpmg                         ; work         ;
;                      |sld_sbpmg:\gen_sbpmg_pipeline_less_than_two:sm0:91:sm1|                                                           ; 2 (2)               ; 2 (2)                     ; 0           ; 0            ; 0       ; 0         ; 0    ; 0            ; |top_loopback|sld_signaltap:auto_signaltap_0|sld_signaltap_impl:sld_signaltap_body|sld_signaltap_implb:sld_signaltap_body|sld_ela_control:ela_control|sld_ela_basic_multi_level_trigger:\basic_multi_level_mbpm_trigger_gen:multi_level_mbpm|sld_mbpmg:\trigger_modules_gen:0:trigger_match|sld_sbpmg:\gen_sbpmg_pipeline_less_than_two:sm0:91:sm1       ; sld_sbpmg                         ; work         ;
;                      |sld_sbpmg:\gen_sbpmg_pipeline_less_than_two:sm0:92:sm1|                                                           ; 2 (2)               ; 2 (2)                     ; 0           ; 0            ; 0       ; 0         ; 0    ; 0            ; |top_loopback|sld_signaltap:auto_signaltap_0|sld_signaltap_impl:sld_signaltap_body|sld_signaltap_implb:sld_signaltap_body|sld_ela_control:ela_control|sld_ela_basic_multi_level_trigger:\basic_multi_level_mbpm_trigger_gen:multi_level_mbpm|sld_mbpmg:\trigger_modules_gen:0:trigger_match|sld_sbpmg:\gen_sbpmg_pipeline_less_than_two:sm0:92:sm1       ; sld_sbpmg                         ; work         ;
;                      |sld_sbpmg:\gen_sbpmg_pipeline_less_than_two:sm0:93:sm1|                                                           ; 2 (2)               ; 2 (2)                     ; 0           ; 0            ; 0       ; 0         ; 0    ; 0            ; |top_loopback|sld_signaltap:auto_signaltap_0|sld_signaltap_impl:sld_signaltap_body|sld_signaltap_implb:sld_signaltap_body|sld_ela_control:ela_control|sld_ela_basic_multi_level_trigger:\basic_multi_level_mbpm_trigger_gen:multi_level_mbpm|sld_mbpmg:\trigger_modules_gen:0:trigger_match|sld_sbpmg:\gen_sbpmg_pipeline_less_than_two:sm0:93:sm1       ; sld_sbpmg                         ; work         ;
;                      |sld_sbpmg:\gen_sbpmg_pipeline_less_than_two:sm0:94:sm1|                                                           ; 2 (2)               ; 2 (2)                     ; 0           ; 0            ; 0       ; 0         ; 0    ; 0            ; |top_loopback|sld_signaltap:auto_signaltap_0|sld_signaltap_impl:sld_signaltap_body|sld_signaltap_implb:sld_signaltap_body|sld_ela_control:ela_control|sld_ela_basic_multi_level_trigger:\basic_multi_level_mbpm_trigger_gen:multi_level_mbpm|sld_mbpmg:\trigger_modules_gen:0:trigger_match|sld_sbpmg:\gen_sbpmg_pipeline_less_than_two:sm0:94:sm1       ; sld_sbpmg                         ; work         ;
;                      |sld_sbpmg:\gen_sbpmg_pipeline_less_than_two:sm0:95:sm1|                                                           ; 2 (2)               ; 2 (2)                     ; 0           ; 0            ; 0       ; 0         ; 0    ; 0            ; |top_loopback|sld_signaltap:auto_signaltap_0|sld_signaltap_impl:sld_signaltap_body|sld_signaltap_implb:sld_signaltap_body|sld_ela_control:ela_control|sld_ela_basic_multi_level_trigger:\basic_multi_level_mbpm_trigger_gen:multi_level_mbpm|sld_mbpmg:\trigger_modules_gen:0:trigger_match|sld_sbpmg:\gen_sbpmg_pipeline_less_than_two:sm0:95:sm1       ; sld_sbpmg                         ; work         ;
;                      |sld_sbpmg:\gen_sbpmg_pipeline_less_than_two:sm0:96:sm1|                                                           ; 2 (2)               ; 2 (2)                     ; 0           ; 0            ; 0       ; 0         ; 0    ; 0            ; |top_loopback|sld_signaltap:auto_signaltap_0|sld_signaltap_impl:sld_signaltap_body|sld_signaltap_implb:sld_signaltap_body|sld_ela_control:ela_control|sld_ela_basic_multi_level_trigger:\basic_multi_level_mbpm_trigger_gen:multi_level_mbpm|sld_mbpmg:\trigger_modules_gen:0:trigger_match|sld_sbpmg:\gen_sbpmg_pipeline_less_than_two:sm0:96:sm1       ; sld_sbpmg                         ; work         ;
;                      |sld_sbpmg:\gen_sbpmg_pipeline_less_than_two:sm0:97:sm1|                                                           ; 2 (2)               ; 2 (2)                     ; 0           ; 0            ; 0       ; 0         ; 0    ; 0            ; |top_loopback|sld_signaltap:auto_signaltap_0|sld_signaltap_impl:sld_signaltap_body|sld_signaltap_implb:sld_signaltap_body|sld_ela_control:ela_control|sld_ela_basic_multi_level_trigger:\basic_multi_level_mbpm_trigger_gen:multi_level_mbpm|sld_mbpmg:\trigger_modules_gen:0:trigger_match|sld_sbpmg:\gen_sbpmg_pipeline_less_than_two:sm0:97:sm1       ; sld_sbpmg                         ; work         ;
;                      |sld_sbpmg:\gen_sbpmg_pipeline_less_than_two:sm0:98:sm1|                                                           ; 2 (2)               ; 2 (2)                     ; 0           ; 0            ; 0       ; 0         ; 0    ; 0            ; |top_loopback|sld_signaltap:auto_signaltap_0|sld_signaltap_impl:sld_signaltap_body|sld_signaltap_implb:sld_signaltap_body|sld_ela_control:ela_control|sld_ela_basic_multi_level_trigger:\basic_multi_level_mbpm_trigger_gen:multi_level_mbpm|sld_mbpmg:\trigger_modules_gen:0:trigger_match|sld_sbpmg:\gen_sbpmg_pipeline_less_than_two:sm0:98:sm1       ; sld_sbpmg                         ; work         ;
;                      |sld_sbpmg:\gen_sbpmg_pipeline_less_than_two:sm0:99:sm1|                                                           ; 2 (2)               ; 2 (2)                     ; 0           ; 0            ; 0       ; 0         ; 0    ; 0            ; |top_loopback|sld_signaltap:auto_signaltap_0|sld_signaltap_impl:sld_signaltap_body|sld_signaltap_implb:sld_signaltap_body|sld_ela_control:ela_control|sld_ela_basic_multi_level_trigger:\basic_multi_level_mbpm_trigger_gen:multi_level_mbpm|sld_mbpmg:\trigger_modules_gen:0:trigger_match|sld_sbpmg:\gen_sbpmg_pipeline_less_than_two:sm0:99:sm1       ; sld_sbpmg                         ; work         ;
;                      |sld_sbpmg:\gen_sbpmg_pipeline_less_than_two:sm0:9:sm1|                                                            ; 2 (2)               ; 2 (2)                     ; 0           ; 0            ; 0       ; 0         ; 0    ; 0            ; |top_loopback|sld_signaltap:auto_signaltap_0|sld_signaltap_impl:sld_signaltap_body|sld_signaltap_implb:sld_signaltap_body|sld_ela_control:ela_control|sld_ela_basic_multi_level_trigger:\basic_multi_level_mbpm_trigger_gen:multi_level_mbpm|sld_mbpmg:\trigger_modules_gen:0:trigger_match|sld_sbpmg:\gen_sbpmg_pipeline_less_than_two:sm0:9:sm1        ; sld_sbpmg                         ; work         ;
;                |sld_ela_trigger_flow_mgr:\builtin:ela_trigger_flow_mgr_entity|                                                          ; 67 (67)             ; 11 (1)                    ; 0           ; 0            ; 0       ; 0         ; 0    ; 0            ; |top_loopback|sld_signaltap:auto_signaltap_0|sld_signaltap_impl:sld_signaltap_body|sld_signaltap_implb:sld_signaltap_body|sld_ela_control:ela_control|sld_ela_trigger_flow_mgr:\builtin:ela_trigger_flow_mgr_entity                                                                                                                                      ; sld_ela_trigger_flow_mgr          ; work         ;
;                   |lpm_shiftreg:trigger_config_deserialize|                                                                             ; 0 (0)               ; 10 (10)                   ; 0           ; 0            ; 0       ; 0         ; 0    ; 0            ; |top_loopback|sld_signaltap:auto_signaltap_0|sld_signaltap_impl:sld_signaltap_body|sld_signaltap_implb:sld_signaltap_body|sld_ela_control:ela_control|sld_ela_trigger_flow_mgr:\builtin:ela_trigger_flow_mgr_entity|lpm_shiftreg:trigger_config_deserialize                                                                                              ; lpm_shiftreg                      ; work         ;
;             |sld_offload_buffer_mgr:\stp_non_zero_depth_offload_gen:stp_offload_buff_mgr_inst|                                          ; 273 (11)            ; 256 (0)                   ; 0           ; 0            ; 0       ; 0         ; 0    ; 0            ; |top_loopback|sld_signaltap:auto_signaltap_0|sld_signaltap_impl:sld_signaltap_body|sld_signaltap_implb:sld_signaltap_body|sld_offload_buffer_mgr:\stp_non_zero_depth_offload_gen:stp_offload_buff_mgr_inst                                                                                                                                               ; sld_offload_buffer_mgr            ; work         ;
;                |lpm_counter:\adv_point_3_and_more:advance_pointer_counter|                                                              ; 10 (0)              ; 8 (0)                     ; 0           ; 0            ; 0       ; 0         ; 0    ; 0            ; |top_loopback|sld_signaltap:auto_signaltap_0|sld_signaltap_impl:sld_signaltap_body|sld_signaltap_implb:sld_signaltap_body|sld_offload_buffer_mgr:\stp_non_zero_depth_offload_gen:stp_offload_buff_mgr_inst|lpm_counter:\adv_point_3_and_more:advance_pointer_counter                                                                                     ; lpm_counter                       ; work         ;
;                   |cntr_bii:auto_generated|                                                                                             ; 10 (10)             ; 8 (8)                     ; 0           ; 0            ; 0       ; 0         ; 0    ; 0            ; |top_loopback|sld_signaltap:auto_signaltap_0|sld_signaltap_impl:sld_signaltap_body|sld_signaltap_implb:sld_signaltap_body|sld_offload_buffer_mgr:\stp_non_zero_depth_offload_gen:stp_offload_buff_mgr_inst|lpm_counter:\adv_point_3_and_more:advance_pointer_counter|cntr_bii:auto_generated                                                             ; cntr_bii                          ; work         ;
;                |lpm_counter:read_pointer_counter|                                                                                       ; 9 (0)               ; 9 (0)                     ; 0           ; 0            ; 0       ; 0         ; 0    ; 0            ; |top_loopback|sld_signaltap:auto_signaltap_0|sld_signaltap_impl:sld_signaltap_body|sld_signaltap_implb:sld_signaltap_body|sld_offload_buffer_mgr:\stp_non_zero_depth_offload_gen:stp_offload_buff_mgr_inst|lpm_counter:read_pointer_counter                                                                                                              ; lpm_counter                       ; work         ;
;                   |cntr_h6j:auto_generated|                                                                                             ; 9 (9)               ; 9 (9)                     ; 0           ; 0            ; 0       ; 0         ; 0    ; 0            ; |top_loopback|sld_signaltap:auto_signaltap_0|sld_signaltap_impl:sld_signaltap_body|sld_signaltap_implb:sld_signaltap_body|sld_offload_buffer_mgr:\stp_non_zero_depth_offload_gen:stp_offload_buff_mgr_inst|lpm_counter:read_pointer_counter|cntr_h6j:auto_generated                                                                                      ; cntr_h6j                          ; work         ;
;                |lpm_counter:status_advance_pointer_counter|                                                                             ; 7 (0)               ; 5 (0)                     ; 0           ; 0            ; 0       ; 0         ; 0    ; 0            ; |top_loopback|sld_signaltap:auto_signaltap_0|sld_signaltap_impl:sld_signaltap_body|sld_signaltap_implb:sld_signaltap_body|sld_offload_buffer_mgr:\stp_non_zero_depth_offload_gen:stp_offload_buff_mgr_inst|lpm_counter:status_advance_pointer_counter                                                                                                    ; lpm_counter                       ; work         ;
;                   |cntr_jgi:auto_generated|                                                                                             ; 7 (7)               ; 5 (5)                     ; 0           ; 0            ; 0       ; 0         ; 0    ; 0            ; |top_loopback|sld_signaltap:auto_signaltap_0|sld_signaltap_impl:sld_signaltap_body|sld_signaltap_implb:sld_signaltap_body|sld_offload_buffer_mgr:\stp_non_zero_depth_offload_gen:stp_offload_buff_mgr_inst|lpm_counter:status_advance_pointer_counter|cntr_jgi:auto_generated                                                                            ; cntr_jgi                          ; work         ;
;                |lpm_counter:status_read_pointer_counter|                                                                                ; 3 (0)               ; 1 (0)                     ; 0           ; 0            ; 0       ; 0         ; 0    ; 0            ; |top_loopback|sld_signaltap:auto_signaltap_0|sld_signaltap_impl:sld_signaltap_body|sld_signaltap_implb:sld_signaltap_body|sld_offload_buffer_mgr:\stp_non_zero_depth_offload_gen:stp_offload_buff_mgr_inst|lpm_counter:status_read_pointer_counter                                                                                                       ; lpm_counter                       ; work         ;
;                   |cntr_23j:auto_generated|                                                                                             ; 3 (3)               ; 1 (1)                     ; 0           ; 0            ; 0       ; 0         ; 0    ; 0            ; |top_loopback|sld_signaltap:auto_signaltap_0|sld_signaltap_impl:sld_signaltap_body|sld_signaltap_implb:sld_signaltap_body|sld_offload_buffer_mgr:\stp_non_zero_depth_offload_gen:stp_offload_buff_mgr_inst|lpm_counter:status_read_pointer_counter|cntr_23j:auto_generated                                                                               ; cntr_23j                          ; work         ;
;                |lpm_shiftreg:info_data_shift_out|                                                                                       ; 19 (19)             ; 19 (19)                   ; 0           ; 0            ; 0       ; 0         ; 0    ; 0            ; |top_loopback|sld_signaltap:auto_signaltap_0|sld_signaltap_impl:sld_signaltap_body|sld_signaltap_implb:sld_signaltap_body|sld_offload_buffer_mgr:\stp_non_zero_depth_offload_gen:stp_offload_buff_mgr_inst|lpm_shiftreg:info_data_shift_out                                                                                                              ; lpm_shiftreg                      ; work         ;
;                |lpm_shiftreg:ram_data_shift_out|                                                                                        ; 195 (195)           ; 195 (195)                 ; 0           ; 0            ; 0       ; 0         ; 0    ; 0            ; |top_loopback|sld_signaltap:auto_signaltap_0|sld_signaltap_impl:sld_signaltap_body|sld_signaltap_implb:sld_signaltap_body|sld_offload_buffer_mgr:\stp_non_zero_depth_offload_gen:stp_offload_buff_mgr_inst|lpm_shiftreg:ram_data_shift_out                                                                                                               ; lpm_shiftreg                      ; work         ;
;                |lpm_shiftreg:status_data_shift_out|                                                                                     ; 19 (19)             ; 19 (19)                   ; 0           ; 0            ; 0       ; 0         ; 0    ; 0            ; |top_loopback|sld_signaltap:auto_signaltap_0|sld_signaltap_impl:sld_signaltap_body|sld_signaltap_implb:sld_signaltap_body|sld_offload_buffer_mgr:\stp_non_zero_depth_offload_gen:stp_offload_buff_mgr_inst|lpm_shiftreg:status_data_shift_out                                                                                                            ; lpm_shiftreg                      ; work         ;
;             |sld_rom_sr:crc_rom_sr|                                                                                                     ; 30 (30)             ; 8 (8)                     ; 0           ; 0            ; 0       ; 0         ; 0    ; 0            ; |top_loopback|sld_signaltap:auto_signaltap_0|sld_signaltap_impl:sld_signaltap_body|sld_signaltap_implb:sld_signaltap_body|sld_rom_sr:crc_rom_sr                                                                                                                                                                                                          ; sld_rom_sr                        ; work         ;
;    |tdm8_master:u_tdm_master|                                                                                                           ; 13 (13)             ; 9 (9)                     ; 0           ; 0            ; 0       ; 0         ; 0    ; 0            ; |top_loopback|tdm8_master:u_tdm_master                                                                                                                                                                                                                                                                                                                   ; tdm8_master                       ; work         ;
;    |tdm8_rx:u_tdm_rx|                                                                                                                   ; 1 (1)               ; 385 (385)                 ; 0           ; 0            ; 0       ; 0         ; 0    ; 0            ; |top_loopback|tdm8_rx:u_tdm_rx                                                                                                                                                                                                                                                                                                                           ; tdm8_rx                           ; work         ;
+-----------------------------------------------------------------------------------------------------------------------------------------+---------------------+---------------------------+-------------+--------------+---------+-----------+------+--------------+----------------------------------------------------------------------------------------------------------------------------------------------------------------------------------------------------------------------------------------------------------------------------------------------------------------------------------------------------------+-----------------------------------+--------------+
Note: For table entries with two numbers listed, the numbers in parentheses indicate the number of resources of the given type used by the specific entity alone. The numbers listed outside of parentheses indicate the total resources of the given type used by the specific entity and all of its sub-entities in the hierarchy.


+------------------------------------------------------------------------------------------------------------------------------------------------------------------------------------------------------------------------------------------------------------------------------------------------------------+
; Analysis & Synthesis RAM Summary                                                                                                                                                                                                                                                                           ;
+-------------------------------------------------------------------------------------------------------------------------------------------------------------------------------------------------------+------+------------------+--------------+--------------+--------------+--------------+-------+------+
; Name                                                                                                                                                                                                  ; Type ; Mode             ; Port A Depth ; Port A Width ; Port B Depth ; Port B Width ; Size  ; MIF  ;
+-------------------------------------------------------------------------------------------------------------------------------------------------------------------------------------------------------+------+------------------+--------------+--------------+--------------+--------------+-------+------+
; sld_signaltap:auto_signaltap_0|sld_signaltap_impl:sld_signaltap_body|sld_signaltap_implb:sld_signaltap_body|altsyncram:\stp_non_zero_ram_gen:stp_buffer_ram|altsyncram_i824:auto_generated|ALTSYNCRAM ; AUTO ; Simple Dual Port ; 512          ; 195          ; 512          ; 195          ; 99840 ; None ;
+-------------------------------------------------------------------------------------------------------------------------------------------------------------------------------------------------------+------+------------------+--------------+--------------+--------------+--------------+-------+------+


+---------------------------------------------------------------------------------------------------------------------------------------------------------------------------------------------------------------------------------------------------------------------------------------------------------------------------------------------------------------------+
; Analysis & Synthesis IP Cores Summary                                                                                                                                                                                                                                                                                                                               ;
+--------+--------------+---------+--------------+--------------+-----------------------------------------------------------------------------------------------------------------------------------------------------------------------------------------------------------------------------------------------------------------------------------+-----------------+
; Vendor ; IP Core Name ; Version ; Release Date ; License Type ; Entity Instance                                                                                                                                                                                                                                                                   ; IP Include File ;
+--------+--------------+---------+--------------+--------------+-----------------------------------------------------------------------------------------------------------------------------------------------------------------------------------------------------------------------------------------------------------------------------------+-----------------+
; Altera ; Signal Tap   ; N/A     ; N/A          ; Licensed     ; |top_loopback|sld_hub:auto_hub|alt_sld_fab_with_jtag_input:\instrumentation_fabric_with_node_gen:fabric_gen_new_way:with_jtag_input_gen:instrumentation_fabric|alt_sld_fab:instrumentation_fabric                                                                                 ;                 ;
; Altera ; Signal Tap   ; N/A     ; N/A          ; Licensed     ; |top_loopback|sld_hub:auto_hub|alt_sld_fab_with_jtag_input:\instrumentation_fabric_with_node_gen:fabric_gen_new_way:with_jtag_input_gen:instrumentation_fabric|alt_sld_fab:instrumentation_fabric|alt_sld_fab_alt_sld_fab:alt_sld_fab                                             ;                 ;
; Altera ; Signal Tap   ; N/A     ; N/A          ; Licensed     ; |top_loopback|sld_hub:auto_hub|alt_sld_fab_with_jtag_input:\instrumentation_fabric_with_node_gen:fabric_gen_new_way:with_jtag_input_gen:instrumentation_fabric|alt_sld_fab:instrumentation_fabric|alt_sld_fab_alt_sld_fab:alt_sld_fab|alt_sld_fab_alt_sld_fab_presplit:presplit   ;                 ;
; Altera ; Signal Tap   ; N/A     ; N/A          ; Licensed     ; |top_loopback|sld_hub:auto_hub|alt_sld_fab_with_jtag_input:\instrumentation_fabric_with_node_gen:fabric_gen_new_way:with_jtag_input_gen:instrumentation_fabric|alt_sld_fab:instrumentation_fabric|alt_sld_fab_alt_sld_fab:alt_sld_fab|alt_sld_fab_alt_sld_fab_sldfabric:sldfabric ;                 ;
; Altera ; Signal Tap   ; N/A     ; N/A          ; Licensed     ; |top_loopback|sld_hub:auto_hub|alt_sld_fab_with_jtag_input:\instrumentation_fabric_with_node_gen:fabric_gen_new_way:with_jtag_input_gen:instrumentation_fabric|alt_sld_fab:instrumentation_fabric|alt_sld_fab_alt_sld_fab:alt_sld_fab|alt_sld_fab_alt_sld_fab_splitter:splitter   ;                 ;
+--------+--------------+---------+--------------+--------------+-----------------------------------------------------------------------------------------------------------------------------------------------------------------------------------------------------------------------------------------------------------------------------------+-----------------+


+---------------------------------------------------------------------------------------------------------------------------------------------------------------------------------------------------------------------------------------------------------------------------------------------------------------------------------------------------------------------------------------------+
; Registers Removed During Synthesis                                                                                                                                                                                                                                                                                                                                                          ;
+----------------------------------------------------------------------------------------------------------------------------------------------------------------------------------------+----------------------------------------------------------------------------------------------------------------------------------------------------------------------------------------------------+
; Register name                                                                                                                                                                          ; Reason for Removal                                                                                                                                                                                 ;
+----------------------------------------------------------------------------------------------------------------------------------------------------------------------------------------+----------------------------------------------------------------------------------------------------------------------------------------------------------------------------------------------------+
; tx_shift_reg[0..2]                                                                                                                                                                     ; Stuck at GND due to stuck port data_in                                                                                                                                                             ;
; Total Number of Removed Registers = 3                                                                                                                                                  ;                                                                                                                                                                                                    ;
; sld_signaltap:auto_signaltap_0|sld_signaltap_impl:sld_signaltap_body|sld_signaltap_implb:sld_signaltap_body|segment_shift_clk_ena                                                      ; Merged with sld_signaltap:auto_signaltap_0|sld_signaltap_impl:sld_signaltap_body|sld_signaltap_implb:sld_signaltap_body|buffer_write_enable_delayed                                                ;
; sld_signaltap:auto_signaltap_0|sld_signaltap_impl:sld_signaltap_body|sld_signaltap_implb:sld_signaltap_body|sld_buffer_manager:sld_buffer_manager_inst|\buffer_manager:offset_count[0] ; Merged with sld_signaltap:auto_signaltap_0|sld_signaltap_impl:sld_signaltap_body|sld_signaltap_implb:sld_signaltap_body|sld_buffer_manager:sld_buffer_manager_inst|\buffer_manager:next_address[0] ;
; sld_signaltap:auto_signaltap_0|sld_signaltap_impl:sld_signaltap_body|sld_signaltap_implb:sld_signaltap_body|sld_buffer_manager:sld_buffer_manager_inst|\buffer_manager:offset_count[1] ; Merged with sld_signaltap:auto_signaltap_0|sld_signaltap_impl:sld_signaltap_body|sld_signaltap_implb:sld_signaltap_body|sld_buffer_manager:sld_buffer_manager_inst|\buffer_manager:next_address[1] ;
; sld_signaltap:auto_signaltap_0|sld_signaltap_impl:sld_signaltap_body|sld_signaltap_implb:sld_signaltap_body|sld_buffer_manager:sld_buffer_manager_inst|\buffer_manager:offset_count[2] ; Merged with sld_signaltap:auto_signaltap_0|sld_signaltap_impl:sld_signaltap_body|sld_signaltap_implb:sld_signaltap_body|sld_buffer_manager:sld_buffer_manager_inst|\buffer_manager:next_address[2] ;
; sld_signaltap:auto_signaltap_0|sld_signaltap_impl:sld_signaltap_body|sld_signaltap_implb:sld_signaltap_body|sld_buffer_manager:sld_buffer_manager_inst|\buffer_manager:offset_count[3] ; Merged with sld_signaltap:auto_signaltap_0|sld_signaltap_impl:sld_signaltap_body|sld_signaltap_implb:sld_signaltap_body|sld_buffer_manager:sld_buffer_manager_inst|\buffer_manager:next_address[3] ;
; sld_signaltap:auto_signaltap_0|sld_signaltap_impl:sld_signaltap_body|sld_signaltap_implb:sld_signaltap_body|sld_buffer_manager:sld_buffer_manager_inst|\buffer_manager:offset_count[4] ; Merged with sld_signaltap:auto_signaltap_0|sld_signaltap_impl:sld_signaltap_body|sld_signaltap_implb:sld_signaltap_body|sld_buffer_manager:sld_buffer_manager_inst|\buffer_manager:next_address[4] ;
; sld_signaltap:auto_signaltap_0|sld_signaltap_impl:sld_signaltap_body|sld_signaltap_implb:sld_signaltap_body|sld_buffer_manager:sld_buffer_manager_inst|\buffer_manager:offset_count[5] ; Merged with sld_signaltap:auto_signaltap_0|sld_signaltap_impl:sld_signaltap_body|sld_signaltap_implb:sld_signaltap_body|sld_buffer_manager:sld_buffer_manager_inst|\buffer_manager:next_address[5] ;
; sld_signaltap:auto_signaltap_0|sld_signaltap_impl:sld_signaltap_body|sld_signaltap_implb:sld_signaltap_body|sld_buffer_manager:sld_buffer_manager_inst|\buffer_manager:offset_count[6] ; Merged with sld_signaltap:auto_signaltap_0|sld_signaltap_impl:sld_signaltap_body|sld_signaltap_implb:sld_signaltap_body|sld_buffer_manager:sld_buffer_manager_inst|\buffer_manager:next_address[6] ;
; sld_signaltap:auto_signaltap_0|sld_signaltap_impl:sld_signaltap_body|sld_signaltap_implb:sld_signaltap_body|sld_buffer_manager:sld_buffer_manager_inst|\buffer_manager:offset_count[7] ; Merged with sld_signaltap:auto_signaltap_0|sld_signaltap_impl:sld_signaltap_body|sld_signaltap_implb:sld_signaltap_body|sld_buffer_manager:sld_buffer_manager_inst|\buffer_manager:next_address[7] ;
; sld_signaltap:auto_signaltap_0|sld_signaltap_impl:sld_signaltap_body|sld_signaltap_implb:sld_signaltap_body|sld_buffer_manager:sld_buffer_manager_inst|\buffer_manager:offset_count[8] ; Merged with sld_signaltap:auto_signaltap_0|sld_signaltap_impl:sld_signaltap_body|sld_signaltap_implb:sld_signaltap_body|sld_buffer_manager:sld_buffer_manager_inst|\buffer_manager:next_address[8] ;
; sld_signaltap:auto_signaltap_0|sld_signaltap_impl:sld_signaltap_body|sld_signaltap_implb:sld_signaltap_body|current_offset_delayed[0]                                                  ; Merged with sld_signaltap:auto_signaltap_0|sld_signaltap_impl:sld_signaltap_body|sld_signaltap_implb:sld_signaltap_body|buffer_write_address_delayed[0]                                            ;
; sld_signaltap:auto_signaltap_0|sld_signaltap_impl:sld_signaltap_body|sld_signaltap_implb:sld_signaltap_body|current_offset_delayed[1]                                                  ; Merged with sld_signaltap:auto_signaltap_0|sld_signaltap_impl:sld_signaltap_body|sld_signaltap_implb:sld_signaltap_body|buffer_write_address_delayed[1]                                            ;
; sld_signaltap:auto_signaltap_0|sld_signaltap_impl:sld_signaltap_body|sld_signaltap_implb:sld_signaltap_body|current_offset_delayed[2]                                                  ; Merged with sld_signaltap:auto_signaltap_0|sld_signaltap_impl:sld_signaltap_body|sld_signaltap_implb:sld_signaltap_body|buffer_write_address_delayed[2]                                            ;
; sld_signaltap:auto_signaltap_0|sld_signaltap_impl:sld_signaltap_body|sld_signaltap_implb:sld_signaltap_body|current_offset_delayed[3]                                                  ; Merged with sld_signaltap:auto_signaltap_0|sld_signaltap_impl:sld_signaltap_body|sld_signaltap_implb:sld_signaltap_body|buffer_write_address_delayed[3]                                            ;
; sld_signaltap:auto_signaltap_0|sld_signaltap_impl:sld_signaltap_body|sld_signaltap_implb:sld_signaltap_body|current_offset_delayed[4]                                                  ; Merged with sld_signaltap:auto_signaltap_0|sld_signaltap_impl:sld_signaltap_body|sld_signaltap_implb:sld_signaltap_body|buffer_write_address_delayed[4]                                            ;
; sld_signaltap:auto_signaltap_0|sld_signaltap_impl:sld_signaltap_body|sld_signaltap_implb:sld_signaltap_body|current_offset_delayed[5]                                                  ; Merged with sld_signaltap:auto_signaltap_0|sld_signaltap_impl:sld_signaltap_body|sld_signaltap_implb:sld_signaltap_body|buffer_write_address_delayed[5]                                            ;
; sld_signaltap:auto_signaltap_0|sld_signaltap_impl:sld_signaltap_body|sld_signaltap_implb:sld_signaltap_body|current_offset_delayed[6]                                                  ; Merged with sld_signaltap:auto_signaltap_0|sld_signaltap_impl:sld_signaltap_body|sld_signaltap_implb:sld_signaltap_body|buffer_write_address_delayed[6]                                            ;
; sld_signaltap:auto_signaltap_0|sld_signaltap_impl:sld_signaltap_body|sld_signaltap_implb:sld_signaltap_body|current_offset_delayed[7]                                                  ; Merged with sld_signaltap:auto_signaltap_0|sld_signaltap_impl:sld_signaltap_body|sld_signaltap_implb:sld_signaltap_body|buffer_write_address_delayed[7]                                            ;
; sld_signaltap:auto_signaltap_0|sld_signaltap_impl:sld_signaltap_body|sld_signaltap_implb:sld_signaltap_body|current_offset_delayed[8]                                                  ; Merged with sld_signaltap:auto_signaltap_0|sld_signaltap_impl:sld_signaltap_body|sld_signaltap_implb:sld_signaltap_body|buffer_write_address_delayed[8]                                            ;
; sld_signaltap:auto_signaltap_0|sld_signaltap_impl:sld_signaltap_body|sld_signaltap_implb:sld_signaltap_body|serial_crc_16:\tdo_crc_gen:tdo_crc_calc|lfsr[13..15]                       ; Stuck at GND due to stuck port data_in                                                                                                                                                             ;
; Total Number of Removed Registers = 22                                                                                                                                                 ;                                                                                                                                                                                                    ;
+----------------------------------------------------------------------------------------------------------------------------------------------------------------------------------------+----------------------------------------------------------------------------------------------------------------------------------------------------------------------------------------------------+


+----------------------------------------------------------------------------------------------------------------------------------------------------------------------------------------------------------------------------------------------------------------------------------------------------------------------------------------------------------+
; Removed Registers Triggering Further Register Optimizations                                                                                                                                                                                                                                                                                              ;
+--------------------------------------------------------------------------------------------------------------------------------------------------------------+---------------------------+---------------------------------------------------------------------------------------------------------------------------------------------------------------+
; Register name                                                                                                                                                ; Reason for Removal        ; Registers Removed due to This Register                                                                                                                        ;
+--------------------------------------------------------------------------------------------------------------------------------------------------------------+---------------------------+---------------------------------------------------------------------------------------------------------------------------------------------------------------+
; tx_shift_reg[0]                                                                                                                                              ; Stuck at GND              ; tx_shift_reg[1], tx_shift_reg[2]                                                                                                                              ;
;                                                                                                                                                              ; due to stuck port data_in ;                                                                                                                                                               ;
; sld_signaltap:auto_signaltap_0|sld_signaltap_impl:sld_signaltap_body|sld_signaltap_implb:sld_signaltap_body|serial_crc_16:\tdo_crc_gen:tdo_crc_calc|lfsr[15] ; Stuck at GND              ; sld_signaltap:auto_signaltap_0|sld_signaltap_impl:sld_signaltap_body|sld_signaltap_implb:sld_signaltap_body|serial_crc_16:\tdo_crc_gen:tdo_crc_calc|lfsr[14], ;
;                                                                                                                                                              ; due to stuck port data_in ; sld_signaltap:auto_signaltap_0|sld_signaltap_impl:sld_signaltap_body|sld_signaltap_implb:sld_signaltap_body|serial_crc_16:\tdo_crc_gen:tdo_crc_calc|lfsr[13]  ;
+--------------------------------------------------------------------------------------------------------------------------------------------------------------+---------------------------+---------------------------------------------------------------------------------------------------------------------------------------------------------------+


+------------------------------------------------------+
; General Register Statistics                          ;
+----------------------------------------------+-------+
; Statistic                                    ; Value ;
+----------------------------------------------+-------+
; Total registers                              ; 3410  ;
; Number of registers using Synchronous Clear  ; 48    ;
; Number of registers using Synchronous Load   ; 69    ;
; Number of registers using Asynchronous Clear ; 1591  ;
; Number of registers using Asynchronous Load  ; 0     ;
; Number of registers using Clock Enable       ; 1117  ;
; Number of registers using Preset             ; 0     ;
+----------------------------------------------+-------+


+-------------------------------------------------------------------------------------------------------------------------------------------------------------------------------------------------------------------------------------------------------------------------------------------------------------------------------------------+
; Inverted Register Statistics                                                                                                                                                                                                                                                                                                              ;
+---------------------------------------------------------------------------------------------------------------------------------------------------------------------------------------------------------------------------------------------------------------------------------------------------------------------------------+---------+
; Inverted Register                                                                                                                                                                                                                                                                                                               ; Fan out ;
+---------------------------------------------------------------------------------------------------------------------------------------------------------------------------------------------------------------------------------------------------------------------------------------------------------------------------------+---------+
; sld_hub:auto_hub|alt_sld_fab_with_jtag_input:\instrumentation_fabric_with_node_gen:fabric_gen_new_way:with_jtag_input_gen:instrumentation_fabric|alt_sld_fab:instrumentation_fabric|alt_sld_fab_alt_sld_fab:alt_sld_fab|alt_sld_fab_alt_sld_fab_sldfabric:sldfabric|sld_jtag_hub:\jtag_hub_gen:real_sld_jtag_hub|jtag_ir_reg[2] ; 2       ;
; sld_hub:auto_hub|alt_sld_fab_with_jtag_input:\instrumentation_fabric_with_node_gen:fabric_gen_new_way:with_jtag_input_gen:instrumentation_fabric|alt_sld_fab:instrumentation_fabric|alt_sld_fab_alt_sld_fab:alt_sld_fab|alt_sld_fab_alt_sld_fab_sldfabric:sldfabric|sld_jtag_hub:\jtag_hub_gen:real_sld_jtag_hub|jtag_ir_reg[1] ; 3       ;
; sld_signaltap:auto_signaltap_0|sld_signaltap_impl:sld_signaltap_body|sld_signaltap_implb:sld_signaltap_body|sld_buffer_manager:sld_buffer_manager_inst|modified_post_count[8]                                                                                                                                                   ; 1       ;
; sld_signaltap:auto_signaltap_0|sld_signaltap_impl:sld_signaltap_body|sld_signaltap_implb:sld_signaltap_body|sld_buffer_manager:sld_buffer_manager_inst|modified_post_count[9]                                                                                                                                                   ; 1       ;
; sld_signaltap:auto_signaltap_0|sld_signaltap_impl:sld_signaltap_body|sld_signaltap_implb:sld_signaltap_body|sld_buffer_manager:sld_buffer_manager_inst|modified_post_count[1]                                                                                                                                                   ; 1       ;
; sld_signaltap:auto_signaltap_0|sld_signaltap_impl:sld_signaltap_body|sld_signaltap_implb:sld_signaltap_body|sld_buffer_manager:sld_buffer_manager_inst|modified_post_count[2]                                                                                                                                                   ; 1       ;
; sld_signaltap:auto_signaltap_0|sld_signaltap_impl:sld_signaltap_body|sld_signaltap_implb:sld_signaltap_body|sld_buffer_manager:sld_buffer_manager_inst|modified_post_count[3]                                                                                                                                                   ; 1       ;
; sld_signaltap:auto_signaltap_0|sld_signaltap_impl:sld_signaltap_body|sld_signaltap_implb:sld_signaltap_body|sld_buffer_manager:sld_buffer_manager_inst|modified_post_count[4]                                                                                                                                                   ; 1       ;
; sld_signaltap:auto_signaltap_0|sld_signaltap_impl:sld_signaltap_body|sld_signaltap_implb:sld_signaltap_body|sld_buffer_manager:sld_buffer_manager_inst|modified_post_count[5]                                                                                                                                                   ; 1       ;
; sld_signaltap:auto_signaltap_0|sld_signaltap_impl:sld_signaltap_body|sld_signaltap_implb:sld_signaltap_body|sld_buffer_manager:sld_buffer_manager_inst|modified_post_count[6]                                                                                                                                                   ; 1       ;
; sld_signaltap:auto_signaltap_0|sld_signaltap_impl:sld_signaltap_body|sld_signaltap_implb:sld_signaltap_body|sld_buffer_manager:sld_buffer_manager_inst|modified_post_count[7]                                                                                                                                                   ; 1       ;
; sld_signaltap:auto_signaltap_0|sld_signaltap_impl:sld_signaltap_body|sld_signaltap_implb:sld_signaltap_body|sld_buffer_manager:sld_buffer_manager_inst|modified_post_count[0]                                                                                                                                                   ; 1       ;
; Total number of inverted registers = 12                                                                                                                                                                                                                                                                                         ;         ;
+---------------------------------------------------------------------------------------------------------------------------------------------------------------------------------------------------------------------------------------------------------------------------------------------------------------------------------+---------+


+--------------------------------------------------------------------------------------------------------------------------------------------------------------------------------------------------------------------------------------------------------------------------------------------------------------------------------------------------------------------------------------------------------------------------------------------------------------------------------------+
; Multiplexer Restructuring Statistics (Restructuring Performed)                                                                                                                                                                                                                                                                                                                                                                                                                       ;
+--------------------+-----------+---------------+----------------------+------------------------+------------+------------------------------------------------------------------------------------------------------------------------------------------------------------------------------------------------------------------------------------------------------------------------------------------------------------------------------------------------------------------------+
; Multiplexer Inputs ; Bus Width ; Baseline Area ; Area if Restructured ; Saving if Restructured ; Registered ; Example Multiplexer Output                                                                                                                                                                                                                                                                                                                                             ;
+--------------------+-----------+---------------+----------------------+------------------------+------------+------------------------------------------------------------------------------------------------------------------------------------------------------------------------------------------------------------------------------------------------------------------------------------------------------------------------------------------------------------------------+
; 3:1                ; 3 bits    ; 6 LEs         ; 3 LEs                ; 3 LEs                  ; Yes        ; |top_loopback|sld_signaltap:auto_signaltap_0|sld_signaltap_impl:sld_signaltap_body|sld_signaltap_implb:sld_signaltap_body|tdo_crc_val_shift_reg[14]                                                                                                                                                                                                                    ;
; 3:1                ; 13 bits   ; 26 LEs        ; 13 LEs               ; 13 LEs                 ; Yes        ; |top_loopback|sld_signaltap:auto_signaltap_0|sld_signaltap_impl:sld_signaltap_body|sld_signaltap_implb:sld_signaltap_body|tdo_crc_val_shift_reg[3]                                                                                                                                                                                                                     ;
; 3:1                ; 13 bits   ; 26 LEs        ; 13 LEs               ; 13 LEs                 ; Yes        ; |top_loopback|sld_signaltap:auto_signaltap_0|sld_signaltap_impl:sld_signaltap_body|sld_signaltap_implb:sld_signaltap_body|serial_crc_16:\tdo_crc_gen:tdo_crc_calc|lfsr[11]                                                                                                                                                                                             ;
; 4:1                ; 32 bits   ; 64 LEs        ; 64 LEs               ; 0 LEs                  ; Yes        ; |top_loopback|sld_signaltap:auto_signaltap_0|sld_signaltap_impl:sld_signaltap_body|sld_signaltap_implb:sld_signaltap_body|tdo_crc_len_reg[0]                                                                                                                                                                                                                           ;
; 4:1                ; 4 bits    ; 8 LEs         ; 4 LEs                ; 4 LEs                  ; Yes        ; |top_loopback|sld_signaltap:auto_signaltap_0|sld_signaltap_impl:sld_signaltap_body|sld_signaltap_implb:sld_signaltap_body|sld_rom_sr:crc_rom_sr|word_counter[0]                                                                                                                                                                                                        ;
; 4:1                ; 10 bits   ; 20 LEs        ; 20 LEs               ; 0 LEs                  ; Yes        ; |top_loopback|sld_signaltap:auto_signaltap_0|sld_signaltap_impl:sld_signaltap_body|sld_signaltap_implb:sld_signaltap_body|sld_buffer_manager:sld_buffer_manager_inst|counter[0]                                                                                                                                                                                        ;
; 12:1               ; 4 bits    ; 32 LEs        ; 24 LEs               ; 8 LEs                  ; Yes        ; |top_loopback|sld_signaltap:auto_signaltap_0|sld_signaltap_impl:sld_signaltap_body|sld_signaltap_implb:sld_signaltap_body|sld_rom_sr:crc_rom_sr|WORD_SR[1]                                                                                                                                                                                                             ;
; 3:1                ; 9 bits    ; 18 LEs        ; 9 LEs                ; 9 LEs                  ; No         ; |top_loopback|sld_signaltap:auto_signaltap_0|sld_signaltap_impl:sld_signaltap_body|sld_signaltap_implb:sld_signaltap_body|sld_buffer_manager:sld_buffer_manager_inst|offset_count                                                                                                                                                                                      ;
; 3:1                ; 9 bits    ; 18 LEs        ; 9 LEs                ; 9 LEs                  ; Yes        ; |top_loopback|sld_hub:auto_hub|alt_sld_fab_with_jtag_input:\instrumentation_fabric_with_node_gen:fabric_gen_new_way:with_jtag_input_gen:instrumentation_fabric|alt_sld_fab:instrumentation_fabric|alt_sld_fab_alt_sld_fab:alt_sld_fab|alt_sld_fab_alt_sld_fab_sldfabric:sldfabric|sld_jtag_hub:\jtag_hub_gen:real_sld_jtag_hub|irsr_reg[0]                             ;
; 3:1                ; 4 bits    ; 8 LEs         ; 4 LEs                ; 4 LEs                  ; Yes        ; |top_loopback|sld_hub:auto_hub|alt_sld_fab_with_jtag_input:\instrumentation_fabric_with_node_gen:fabric_gen_new_way:with_jtag_input_gen:instrumentation_fabric|alt_sld_fab:instrumentation_fabric|alt_sld_fab_alt_sld_fab:alt_sld_fab|alt_sld_fab_alt_sld_fab_sldfabric:sldfabric|sld_jtag_hub:\jtag_hub_gen:real_sld_jtag_hub|hub_minor_ver_reg[1]                    ;
; 4:1                ; 5 bits    ; 10 LEs        ; 5 LEs                ; 5 LEs                  ; Yes        ; |top_loopback|sld_hub:auto_hub|alt_sld_fab_with_jtag_input:\instrumentation_fabric_with_node_gen:fabric_gen_new_way:with_jtag_input_gen:instrumentation_fabric|alt_sld_fab:instrumentation_fabric|alt_sld_fab_alt_sld_fab:alt_sld_fab|alt_sld_fab_alt_sld_fab_sldfabric:sldfabric|sld_jtag_hub:\jtag_hub_gen:real_sld_jtag_hub|sld_rom_sr:hub_info_reg|word_counter[0] ;
; 4:1                ; 5 bits    ; 10 LEs        ; 5 LEs                ; 5 LEs                  ; Yes        ; |top_loopback|sld_hub:auto_hub|alt_sld_fab_with_jtag_input:\instrumentation_fabric_with_node_gen:fabric_gen_new_way:with_jtag_input_gen:instrumentation_fabric|alt_sld_fab:instrumentation_fabric|alt_sld_fab_alt_sld_fab:alt_sld_fab|alt_sld_fab_alt_sld_fab_sldfabric:sldfabric|sld_jtag_hub:\jtag_hub_gen:real_sld_jtag_hub|mixer_addr_reg_internal[4]              ;
; 34:1               ; 4 bits    ; 88 LEs        ; 56 LEs               ; 32 LEs                 ; Yes        ; |top_loopback|sld_hub:auto_hub|alt_sld_fab_with_jtag_input:\instrumentation_fabric_with_node_gen:fabric_gen_new_way:with_jtag_input_gen:instrumentation_fabric|alt_sld_fab:instrumentation_fabric|alt_sld_fab_alt_sld_fab:alt_sld_fab|alt_sld_fab_alt_sld_fab_sldfabric:sldfabric|sld_jtag_hub:\jtag_hub_gen:real_sld_jtag_hub|design_hash_reg[0]                      ;
; 20:1               ; 4 bits    ; 52 LEs        ; 32 LEs               ; 20 LEs                 ; Yes        ; |top_loopback|sld_hub:auto_hub|alt_sld_fab_with_jtag_input:\instrumentation_fabric_with_node_gen:fabric_gen_new_way:with_jtag_input_gen:instrumentation_fabric|alt_sld_fab:instrumentation_fabric|alt_sld_fab_alt_sld_fab:alt_sld_fab|alt_sld_fab_alt_sld_fab_sldfabric:sldfabric|sld_jtag_hub:\jtag_hub_gen:real_sld_jtag_hub|sld_rom_sr:hub_info_reg|WORD_SR[0]      ;
+--------------------+-----------+---------------+----------------------+------------------------+------------+------------------------------------------------------------------------------------------------------------------------------------------------------------------------------------------------------------------------------------------------------------------------------------------------------------------------------------------------------------------------+


+--------------------------------------------------------------+
; Source assignments for Top-level Entity: |top_loopback       ;
+------------------------------+-------+------+----------------+
; Assignment                   ; Value ; From ; To             ;
+------------------------------+-------+------+----------------+
; IGNORE_LCELL_BUFFERS         ; off   ; -    ; bclk_int       ;
; REMOVE_REDUNDANT_LOGIC_CELLS ; off   ; -    ; bclk_int       ;
; IGNORE_LCELL_BUFFERS         ; off   ; -    ; lrclk_int      ;
; REMOVE_REDUNDANT_LOGIC_CELLS ; off   ; -    ; lrclk_int      ;
; IGNORE_LCELL_BUFFERS         ; off   ; -    ; sdata_internal ;
; REMOVE_REDUNDANT_LOGIC_CELLS ; off   ; -    ; sdata_internal ;
+------------------------------+-------+------+----------------+


+-------------------------------------------------------+
; Source assignments for sld_signaltap:auto_signaltap_0 ;
+-----------------+-------+------+----------------------+
; Assignment      ; Value ; From ; To                   ;
+-----------------+-------+------+----------------------+
; MESSAGE_DISABLE ; 13410 ; -    ; -                    ;
+-----------------+-------+------+----------------------+


+-----------------------------------------------------------------------------------------------------------------------------------------------------------------------------------------------------------------------------------------------------------------------------------------------------------------------------------------------------------------------------------------------------------------------------------------------------------------------------------------------------------------------------------------------------------------------------------------------------------------------------------------------------------------------------------------------------+
; Parameter Settings for Inferred Entity Instance: sld_signaltap:auto_signaltap_0                                                                                                                                                                                                                                                                                                                                                                                                                                                                                                                                                                                                                     ;
+-------------------------------------------------+----------------------------------------------------------------------------------------------------------------------------------------------------------------------------------------------------------------------------------------------------------------------------------------------------------------------------------------------------------------------------------------------------------------------------------------------------------------------------------------------------------------------------------------------------------------------------------------------------------------------------------+----------------+
; Parameter Name                                  ; Value                                                                                                                                                                                                                                                                                                                                                                                                                                                                                                                                                                                                                            ; Type           ;
+-------------------------------------------------+----------------------------------------------------------------------------------------------------------------------------------------------------------------------------------------------------------------------------------------------------------------------------------------------------------------------------------------------------------------------------------------------------------------------------------------------------------------------------------------------------------------------------------------------------------------------------------------------------------------------------------+----------------+
; lpm_type                                        ; sld_signaltap                                                                                                                                                                                                                                                                                                                                                                                                                                                                                                                                                                                                                    ; String         ;
; sld_node_info                                   ; 805334528                                                                                                                                                                                                                                                                                                                                                                                                                                                                                                                                                                                                                        ; Untyped        ;
; SLD_SECTION_ID                                  ; hdl_signaltap_0                                                                                                                                                                                                                                                                                                                                                                                                                                                                                                                                                                                                                  ; String         ;
; SLD_IP_VERSION                                  ; 6                                                                                                                                                                                                                                                                                                                                                                                                                                                                                                                                                                                                                                ; Signed Integer ;
; SLD_IP_MINOR_VERSION                            ; 0                                                                                                                                                                                                                                                                                                                                                                                                                                                                                                                                                                                                                                ; Signed Integer ;
; SLD_COMMON_IP_VERSION                           ; 0                                                                                                                                                                                                                                                                                                                                                                                                                                                                                                                                                                                                                                ; Signed Integer ;
; sld_data_bits                                   ; 195                                                                                                                                                                                                                                                                                                                                                                                                                                                                                                                                                                                                                              ; Untyped        ;
; sld_trigger_bits                                ; 195                                                                                                                                                                                                                                                                                                                                                                                                                                                                                                                                                                                                                              ; Untyped        ;
; SLD_NODE_CRC_BITS                               ; 32                                                                                                                                                                                                                                                                                                                                                                                                                                                                                                                                                                                                                               ; Signed Integer ;
; SLD_NODE_CRC_HIWORD                             ; 41394                                                                                                                                                                                                                                                                                                                                                                                                                                                                                                                                                                                                                            ; Signed Integer ;
; SLD_NODE_CRC_LOWORD                             ; 50132                                                                                                                                                                                                                                                                                                                                                                                                                                                                                                                                                                                                                            ; Signed Integer ;
; sld_incremental_routing                         ; 1                                                                                                                                                                                                                                                                                                                                                                                                                                                                                                                                                                                                                                ; Untyped        ;
; sld_sample_depth                                ; 512                                                                                                                                                                                                                                                                                                                                                                                                                                                                                                                                                                                                                              ; Untyped        ;
; sld_segment_size                                ; 512                                                                                                                                                                                                                                                                                                                                                                                                                                                                                                                                                                                                                              ; Untyped        ;
; sld_ram_block_type                              ; AUTO                                                                                                                                                                                                                                                                                                                                                                                                                                                                                                                                                                                                                             ; Untyped        ;
; sld_state_bits                                  ; 11                                                                                                                                                                                                                                                                                                                                                                                                                                                                                                                                                                                                                               ; Untyped        ;
; sld_buffer_full_stop                            ; 1                                                                                                                                                                                                                                                                                                                                                                                                                                                                                                                                                                                                                                ; Untyped        ;
; SLD_MEM_ADDRESS_BITS                            ; 7                                                                                                                                                                                                                                                                                                                                                                                                                                                                                                                                                                                                                                ; Signed Integer ;
; SLD_DATA_BIT_CNTR_BITS                          ; 4                                                                                                                                                                                                                                                                                                                                                                                                                                                                                                                                                                                                                                ; Signed Integer ;
; sld_trigger_level                               ; 1                                                                                                                                                                                                                                                                                                                                                                                                                                                                                                                                                                                                                                ; Untyped        ;
; sld_trigger_in_enabled                          ; 0                                                                                                                                                                                                                                                                                                                                                                                                                                                                                                                                                                                                                                ; Untyped        ;
; SLD_HPS_TRIGGER_IN_ENABLED                      ; 0                                                                                                                                                                                                                                                                                                                                                                                                                                                                                                                                                                                                                                ; Signed Integer ;
; SLD_HPS_TRIGGER_OUT_ENABLED                     ; 0                                                                                                                                                                                                                                                                                                                                                                                                                                                                                                                                                                                                                                ; Signed Integer ;
; SLD_HPS_EVENT_ENABLED                           ; 0                                                                                                                                                                                                                                                                                                                                                                                                                                                                                                                                                                                                                                ; Signed Integer ;
; SLD_HPS_EVENT_ID                                ; 0                                                                                                                                                                                                                                                                                                                                                                                                                                                                                                                                                                                                                                ; Signed Integer ;
; sld_advanced_trigger_entity                     ; basic,1,                                                                                                                                                                                                                                                                                                                                                                                                                                                                                                                                                                                                                         ; Untyped        ;
; sld_trigger_level_pipeline                      ; 1                                                                                                                                                                                                                                                                                                                                                                                                                                                                                                                                                                                                                                ; Untyped        ;
; sld_trigger_pipeline                            ; 0                                                                                                                                                                                                                                                                                                                                                                                                                                                                                                                                                                                                                                ; Untyped        ;
; sld_ram_pipeline                                ; 0                                                                                                                                                                                                                                                                                                                                                                                                                                                                                                                                                                                                                                ; Untyped        ;
; sld_counter_pipeline                            ; 0                                                                                                                                                                                                                                                                                                                                                                                                                                                                                                                                                                                                                                ; Untyped        ;
; sld_enable_advanced_trigger                     ; 0                                                                                                                                                                                                                                                                                                                                                                                                                                                                                                                                                                                                                                ; Untyped        ;
; SLD_ADVANCED_TRIGGER_1                          ; NONE                                                                                                                                                                                                                                                                                                                                                                                                                                                                                                                                                                                                                             ; String         ;
; SLD_ADVANCED_TRIGGER_2                          ; NONE                                                                                                                                                                                                                                                                                                                                                                                                                                                                                                                                                                                                                             ; String         ;
; SLD_ADVANCED_TRIGGER_3                          ; NONE                                                                                                                                                                                                                                                                                                                                                                                                                                                                                                                                                                                                                             ; String         ;
; SLD_ADVANCED_TRIGGER_4                          ; NONE                                                                                                                                                                                                                                                                                                                                                                                                                                                                                                                                                                                                                             ; String         ;
; SLD_ADVANCED_TRIGGER_5                          ; NONE                                                                                                                                                                                                                                                                                                                                                                                                                                                                                                                                                                                                                             ; String         ;
; SLD_ADVANCED_TRIGGER_6                          ; NONE                                                                                                                                                                                                                                                                                                                                                                                                                                                                                                                                                                                                                             ; String         ;
; SLD_ADVANCED_TRIGGER_7                          ; NONE                                                                                                                                                                                                                                                                                                                                                                                                                                                                                                                                                                                                                             ; String         ;
; SLD_ADVANCED_TRIGGER_8                          ; NONE                                                                                                                                                                                                                                                                                                                                                                                                                                                                                                                                                                                                                             ; String         ;
; SLD_ADVANCED_TRIGGER_9                          ; NONE                                                                                                                                                                                                                                                                                                                                                                                                                                                                                                                                                                                                                             ; String         ;
; SLD_ADVANCED_TRIGGER_10                         ; NONE                                                                                                                                                                                                                                                                                                                                                                                                                                                                                                                                                                                                                             ; String         ;
; sld_inversion_mask_length                       ; 608                                                                                                                                                                                                                                                                                                                                                                                                                                                                                                                                                                                                                              ; Untyped        ;
; sld_inversion_mask                              ; 00000000000000000000000000000000000000000000000000000000000000000000000000000000000000000000000000000000000000000000000000000000000000000000000000000000000000000000000000000000000000000000000000000000000000000000000000000000000000000000000000000000000000000000000000000000000000000000000000000000000000000000000000000000000000000000000000000000000000000000000000000000000000000000000000000000000000000000000000000000000000000000000000000000000000000000000000000000000000000000000000000000000000000000000000000000000000000000000000000000000000000000000000000000000000000000000000000000000000000000000000000000 ; Untyped        ;
; sld_power_up_trigger                            ; 0                                                                                                                                                                                                                                                                                                                                                                                                                                                                                                                                                                                                                                ; Untyped        ;
; SLD_STATE_FLOW_MGR_ENTITY                       ; state_flow_mgr_entity.vhd                                                                                                                                                                                                                                                                                                                                                                                                                                                                                                                                                                                                        ; String         ;
; sld_state_flow_use_generated                    ; 0                                                                                                                                                                                                                                                                                                                                                                                                                                                                                                                                                                                                                                ; Untyped        ;
; sld_current_resource_width                      ; 1                                                                                                                                                                                                                                                                                                                                                                                                                                                                                                                                                                                                                                ; Untyped        ;
; sld_attribute_mem_mode                          ; OFF                                                                                                                                                                                                                                                                                                                                                                                                                                                                                                                                                                                                                              ; Untyped        ;
; sld_storage_qualifier_bits                      ; 195                                                                                                                                                                                                                                                                                                                                                                                                                                                                                                                                                                                                                              ; Untyped        ;
; SLD_STORAGE_QUALIFIER_GAP_RECORD                ; 0                                                                                                                                                                                                                                                                                                                                                                                                                                                                                                                                                                                                                                ; Signed Integer ;
; SLD_STORAGE_QUALIFIER_MODE                      ; OFF                                                                                                                                                                                                                                                                                                                                                                                                                                                                                                                                                                                                                              ; String         ;
; SLD_STORAGE_QUALIFIER_ENABLE_ADVANCED_CONDITION ; 0                                                                                                                                                                                                                                                                                                                                                                                                                                                                                                                                                                                                                                ; Signed Integer ;
; sld_storage_qualifier_inversion_mask_length     ; 0                                                                                                                                                                                                                                                                                                                                                                                                                                                                                                                                                                                                                                ; Untyped        ;
; SLD_STORAGE_QUALIFIER_ADVANCED_CONDITION_ENTITY ; basic                                                                                                                                                                                                                                                                                                                                                                                                                                                                                                                                                                                                                            ; String         ;
; SLD_STORAGE_QUALIFIER_PIPELINE                  ; 0                                                                                                                                                                                                                                                                                                                                                                                                                                                                                                                                                                                                                                ; Signed Integer ;
; SLD_CREATE_MONITOR_INTERFACE                    ; 0                                                                                                                                                                                                                                                                                                                                                                                                                                                                                                                                                                                                                                ; Signed Integer ;
; SLD_USE_JTAG_SIGNAL_ADAPTER                     ; 1                                                                                                                                                                                                                                                                                                                                                                                                                                                                                                                                                                                                                                ; Signed Integer ;
+-------------------------------------------------+----------------------------------------------------------------------------------------------------------------------------------------------------------------------------------------------------------------------------------------------------------------------------------------------------------------------------------------------------------------------------------------------------------------------------------------------------------------------------------------------------------------------------------------------------------------------------------------------------------------------------------+----------------+
Note: In order to hide this table in the UI and the text report file, please set the "Show Parameter Settings in Synthesis Report" option in "Analysis and Synthesis Settings -> More Settings" to "Off".


+-------------------------------------------------------------------------------------------------------------------------------------------------------------------------------------------------------------------------------------------------------------------------+
; Signal Tap Logic Analyzer Settings                                                                                                                                                                                                                                      ;
+----------------+------------------+---------------------+------------------+--------------+----------+------------------------+----------------------+--------------------+-----------------------------+-----------------+------------------+--------------------------+
; Instance Index ; Instance Name    ; Trigger Input Width ; Data Input Width ; Sample Depth ; Segments ; Storage Qualifier Type ; Trigger Flow Control ; Trigger Conditions ; Advanced Trigger Conditions ; Trigger In Used ; Trigger Out Used ; Power-Up Trigger Enabled ;
+----------------+------------------+---------------------+------------------+--------------+----------+------------------------+----------------------+--------------------+-----------------------------+-----------------+------------------+--------------------------+
; 0              ; auto_signaltap_0 ; 195                 ; 195              ; 512          ; 1        ; continuous             ; sequential           ; 1                  ; 0                           ; no              ; no               ; no                       ;
+----------------+------------------+---------------------+------------------+--------------+----------+------------------------+----------------------+--------------------+-----------------------------+-----------------+------------------+--------------------------+


+-----------------------------------------------------+
; Post-Synthesis Netlist Statistics for Top Partition ;
+-----------------------+-----------------------------+
; Type                  ; Count                       ;
+-----------------------+-----------------------------+
; boundary_port         ; 211                         ;
; cycloneiii_ff         ; 666                         ;
;     CLR               ; 426                         ;
;     ENA               ; 1                           ;
;     ENA CLR           ; 239                         ;
; cycloneiii_lcell_comb ; 422                         ;
;     arith             ; 73                          ;
;         2 data inputs ; 72                          ;
;         3 data inputs ; 1                           ;
;     normal            ; 349                         ;
;         0 data inputs ; 1                           ;
;         1 data inputs ; 13                          ;
;         2 data inputs ; 17                          ;
;         3 data inputs ; 204                         ;
;         4 data inputs ; 114                         ;
;                       ;                             ;
; Max LUT depth         ; 6.00                        ;
; Average LUT depth     ; 2.68                        ;
+-----------------------+-----------------------------+


+--------------------------------------------------------------------------------+
; Post-Synthesis Netlist Statistics for Partition sld_signaltap:auto_signaltap_0 ;
+-----------------------+--------------------------------------------------------+
; Type                  ; Count                                                  ;
+-----------------------+--------------------------------------------------------+
; boundary_port         ; 1059                                                   ;
; cycloneiii_ff         ; 2654                                                   ;
;     CLR               ; 237                                                    ;
;     ENA               ; 117                                                    ;
;     ENA CLR           ; 652                                                    ;
;     ENA SCLR SLD      ; 36                                                     ;
;     ENA SLD           ; 10                                                     ;
;     SLD               ; 13                                                     ;
;     plain             ; 1589                                                   ;
; cycloneiii_lcell_comb ; 977                                                    ;
;     arith             ; 78                                                     ;
;         2 data inputs ; 77                                                     ;
;         3 data inputs ; 1                                                      ;
;     normal            ; 899                                                    ;
;         0 data inputs ; 6                                                      ;
;         1 data inputs ; 5                                                      ;
;         2 data inputs ; 46                                                     ;
;         3 data inputs ; 286                                                    ;
;         4 data inputs ; 556                                                    ;
; cycloneiii_ram_block  ; 195                                                    ;
;                       ;                                                        ;
; Max LUT depth         ; 6.00                                                   ;
; Average LUT depth     ; 1.52                                                   ;
+-----------------------+--------------------------------------------------------+


+------------------------------------------------------------------+
; Post-Synthesis Netlist Statistics for Partition sld_hub:auto_hub ;
+-----------------------+------------------------------------------+
; Type                  ; Count                                    ;
+-----------------------+------------------------------------------+
; boundary_port         ; 107                                      ;
; cycloneiii_ff         ; 90                                       ;
;     CLR               ; 5                                        ;
;     ENA               ; 16                                       ;
;     ENA CLR           ; 31                                       ;
;     ENA CLR SLD       ; 1                                        ;
;     ENA SCLR          ; 5                                        ;
;     ENA SLD           ; 9                                        ;
;     SCLR              ; 7                                        ;
;     plain             ; 16                                       ;
; cycloneiii_lcell_comb ; 126                                      ;
;     arith             ; 8                                        ;
;         2 data inputs ; 8                                        ;
;     normal            ; 118                                      ;
;         0 data inputs ; 1                                        ;
;         1 data inputs ; 6                                        ;
;         2 data inputs ; 22                                       ;
;         3 data inputs ; 38                                       ;
;         4 data inputs ; 51                                       ;
;                       ;                                          ;
; Max LUT depth         ; 4.00                                     ;
; Average LUT depth     ; 1.79                                     ;
+-----------------------+------------------------------------------+


+-----------------------------------------------+
; Elapsed Time Per Partition                    ;
+--------------------------------+--------------+
; Partition Name                 ; Elapsed Time ;
+--------------------------------+--------------+
; sld_signaltap:auto_signaltap_0 ; 00:00:06     ;
; Top                            ; 00:00:01     ;
; sld_hub:auto_hub               ; 00:00:01     ;
+--------------------------------+--------------+


+--------------------------------------------------------------------------------------------------------------------------------------------------------------------+
; Connections to In-System Debugging Instance "auto_signaltap_0"                                                                                                     ;
+-----------------------------------+---------------+-----------+--------------------------------+-------------------+-------------------------------------+---------+
; Name                              ; Type          ; Status    ; Partition Name                 ; Netlist Type Used ; Actual Connection                   ; Details ;
+-----------------------------------+---------------+-----------+--------------------------------+-------------------+-------------------------------------+---------+
; bclk_int                          ; pre-synthesis ; connected ; Top                            ; post-synthesis    ; clk_18m432                          ; N/A     ;
; bclk_int                          ; pre-synthesis ; connected ; Top                            ; post-synthesis    ; clk_18m432                          ; N/A     ;
; clk_18m432                        ; pre-synthesis ; connected ; Top                            ; post-synthesis    ; clk_18m432                          ; N/A     ;
; lrclk_int                         ; pre-synthesis ; connected ; Top                            ; post-synthesis    ; tdm8_master:u_tdm_master|lrclk_reg  ; N/A     ;
; lrclk_int                         ; pre-synthesis ; connected ; Top                            ; post-synthesis    ; tdm8_master:u_tdm_master|lrclk_reg  ; N/A     ;
; sdata_internal                    ; pre-synthesis ; connected ; Top                            ; post-synthesis    ; tx_shift_reg[191]                   ; N/A     ;
; sdata_internal                    ; pre-synthesis ; connected ; Top                            ; post-synthesis    ; tx_shift_reg[191]                   ; N/A     ;
; tdm8_rx:u_tdm_rx|ch_data_out[0]   ; pre-synthesis ; connected ; Top                            ; post-synthesis    ; tdm8_rx:u_tdm_rx|ch_data_out[0]     ; N/A     ;
; tdm8_rx:u_tdm_rx|ch_data_out[0]   ; pre-synthesis ; connected ; Top                            ; post-synthesis    ; tdm8_rx:u_tdm_rx|ch_data_out[0]     ; N/A     ;
; tdm8_rx:u_tdm_rx|ch_data_out[100] ; pre-synthesis ; connected ; Top                            ; post-synthesis    ; tdm8_rx:u_tdm_rx|ch_data_out[100]   ; N/A     ;
; tdm8_rx:u_tdm_rx|ch_data_out[100] ; pre-synthesis ; connected ; Top                            ; post-synthesis    ; tdm8_rx:u_tdm_rx|ch_data_out[100]   ; N/A     ;
; tdm8_rx:u_tdm_rx|ch_data_out[101] ; pre-synthesis ; connected ; Top                            ; post-synthesis    ; tdm8_rx:u_tdm_rx|ch_data_out[101]   ; N/A     ;
; tdm8_rx:u_tdm_rx|ch_data_out[101] ; pre-synthesis ; connected ; Top                            ; post-synthesis    ; tdm8_rx:u_tdm_rx|ch_data_out[101]   ; N/A     ;
; tdm8_rx:u_tdm_rx|ch_data_out[102] ; pre-synthesis ; connected ; Top                            ; post-synthesis    ; tdm8_rx:u_tdm_rx|ch_data_out[102]   ; N/A     ;
; tdm8_rx:u_tdm_rx|ch_data_out[102] ; pre-synthesis ; connected ; Top                            ; post-synthesis    ; tdm8_rx:u_tdm_rx|ch_data_out[102]   ; N/A     ;
; tdm8_rx:u_tdm_rx|ch_data_out[103] ; pre-synthesis ; connected ; Top                            ; post-synthesis    ; tdm8_rx:u_tdm_rx|ch_data_out[103]   ; N/A     ;
; tdm8_rx:u_tdm_rx|ch_data_out[103] ; pre-synthesis ; connected ; Top                            ; post-synthesis    ; tdm8_rx:u_tdm_rx|ch_data_out[103]   ; N/A     ;
; tdm8_rx:u_tdm_rx|ch_data_out[104] ; pre-synthesis ; connected ; Top                            ; post-synthesis    ; tdm8_rx:u_tdm_rx|ch_data_out[104]   ; N/A     ;
; tdm8_rx:u_tdm_rx|ch_data_out[104] ; pre-synthesis ; connected ; Top                            ; post-synthesis    ; tdm8_rx:u_tdm_rx|ch_data_out[104]   ; N/A     ;
; tdm8_rx:u_tdm_rx|ch_data_out[105] ; pre-synthesis ; connected ; Top                            ; post-synthesis    ; tdm8_rx:u_tdm_rx|ch_data_out[105]   ; N/A     ;
; tdm8_rx:u_tdm_rx|ch_data_out[105] ; pre-synthesis ; connected ; Top                            ; post-synthesis    ; tdm8_rx:u_tdm_rx|ch_data_out[105]   ; N/A     ;
; tdm8_rx:u_tdm_rx|ch_data_out[106] ; pre-synthesis ; connected ; Top                            ; post-synthesis    ; tdm8_rx:u_tdm_rx|ch_data_out[106]   ; N/A     ;
; tdm8_rx:u_tdm_rx|ch_data_out[106] ; pre-synthesis ; connected ; Top                            ; post-synthesis    ; tdm8_rx:u_tdm_rx|ch_data_out[106]   ; N/A     ;
; tdm8_rx:u_tdm_rx|ch_data_out[107] ; pre-synthesis ; connected ; Top                            ; post-synthesis    ; tdm8_rx:u_tdm_rx|ch_data_out[107]   ; N/A     ;
; tdm8_rx:u_tdm_rx|ch_data_out[107] ; pre-synthesis ; connected ; Top                            ; post-synthesis    ; tdm8_rx:u_tdm_rx|ch_data_out[107]   ; N/A     ;
; tdm8_rx:u_tdm_rx|ch_data_out[108] ; pre-synthesis ; connected ; Top                            ; post-synthesis    ; tdm8_rx:u_tdm_rx|ch_data_out[108]   ; N/A     ;
; tdm8_rx:u_tdm_rx|ch_data_out[108] ; pre-synthesis ; connected ; Top                            ; post-synthesis    ; tdm8_rx:u_tdm_rx|ch_data_out[108]   ; N/A     ;
; tdm8_rx:u_tdm_rx|ch_data_out[109] ; pre-synthesis ; connected ; Top                            ; post-synthesis    ; tdm8_rx:u_tdm_rx|ch_data_out[109]   ; N/A     ;
; tdm8_rx:u_tdm_rx|ch_data_out[109] ; pre-synthesis ; connected ; Top                            ; post-synthesis    ; tdm8_rx:u_tdm_rx|ch_data_out[109]   ; N/A     ;
; tdm8_rx:u_tdm_rx|ch_data_out[10]  ; pre-synthesis ; connected ; Top                            ; post-synthesis    ; tdm8_rx:u_tdm_rx|ch_data_out[10]    ; N/A     ;
; tdm8_rx:u_tdm_rx|ch_data_out[10]  ; pre-synthesis ; connected ; Top                            ; post-synthesis    ; tdm8_rx:u_tdm_rx|ch_data_out[10]    ; N/A     ;
; tdm8_rx:u_tdm_rx|ch_data_out[110] ; pre-synthesis ; connected ; Top                            ; post-synthesis    ; tdm8_rx:u_tdm_rx|ch_data_out[110]   ; N/A     ;
; tdm8_rx:u_tdm_rx|ch_data_out[110] ; pre-synthesis ; connected ; Top                            ; post-synthesis    ; tdm8_rx:u_tdm_rx|ch_data_out[110]   ; N/A     ;
; tdm8_rx:u_tdm_rx|ch_data_out[111] ; pre-synthesis ; connected ; Top                            ; post-synthesis    ; tdm8_rx:u_tdm_rx|ch_data_out[111]   ; N/A     ;
; tdm8_rx:u_tdm_rx|ch_data_out[111] ; pre-synthesis ; connected ; Top                            ; post-synthesis    ; tdm8_rx:u_tdm_rx|ch_data_out[111]   ; N/A     ;
; tdm8_rx:u_tdm_rx|ch_data_out[112] ; pre-synthesis ; connected ; Top                            ; post-synthesis    ; tdm8_rx:u_tdm_rx|ch_data_out[112]   ; N/A     ;
; tdm8_rx:u_tdm_rx|ch_data_out[112] ; pre-synthesis ; connected ; Top                            ; post-synthesis    ; tdm8_rx:u_tdm_rx|ch_data_out[112]   ; N/A     ;
; tdm8_rx:u_tdm_rx|ch_data_out[113] ; pre-synthesis ; connected ; Top                            ; post-synthesis    ; tdm8_rx:u_tdm_rx|ch_data_out[113]   ; N/A     ;
; tdm8_rx:u_tdm_rx|ch_data_out[113] ; pre-synthesis ; connected ; Top                            ; post-synthesis    ; tdm8_rx:u_tdm_rx|ch_data_out[113]   ; N/A     ;
; tdm8_rx:u_tdm_rx|ch_data_out[114] ; pre-synthesis ; connected ; Top                            ; post-synthesis    ; tdm8_rx:u_tdm_rx|ch_data_out[114]   ; N/A     ;
; tdm8_rx:u_tdm_rx|ch_data_out[114] ; pre-synthesis ; connected ; Top                            ; post-synthesis    ; tdm8_rx:u_tdm_rx|ch_data_out[114]   ; N/A     ;
; tdm8_rx:u_tdm_rx|ch_data_out[115] ; pre-synthesis ; connected ; Top                            ; post-synthesis    ; tdm8_rx:u_tdm_rx|ch_data_out[115]   ; N/A     ;
; tdm8_rx:u_tdm_rx|ch_data_out[115] ; pre-synthesis ; connected ; Top                            ; post-synthesis    ; tdm8_rx:u_tdm_rx|ch_data_out[115]   ; N/A     ;
; tdm8_rx:u_tdm_rx|ch_data_out[116] ; pre-synthesis ; connected ; Top                            ; post-synthesis    ; tdm8_rx:u_tdm_rx|ch_data_out[116]   ; N/A     ;
; tdm8_rx:u_tdm_rx|ch_data_out[116] ; pre-synthesis ; connected ; Top                            ; post-synthesis    ; tdm8_rx:u_tdm_rx|ch_data_out[116]   ; N/A     ;
; tdm8_rx:u_tdm_rx|ch_data_out[117] ; pre-synthesis ; connected ; Top                            ; post-synthesis    ; tdm8_rx:u_tdm_rx|ch_data_out[117]   ; N/A     ;
; tdm8_rx:u_tdm_rx|ch_data_out[117] ; pre-synthesis ; connected ; Top                            ; post-synthesis    ; tdm8_rx:u_tdm_rx|ch_data_out[117]   ; N/A     ;
; tdm8_rx:u_tdm_rx|ch_data_out[118] ; pre-synthesis ; connected ; Top                            ; post-synthesis    ; tdm8_rx:u_tdm_rx|ch_data_out[118]   ; N/A     ;
; tdm8_rx:u_tdm_rx|ch_data_out[118] ; pre-synthesis ; connected ; Top                            ; post-synthesis    ; tdm8_rx:u_tdm_rx|ch_data_out[118]   ; N/A     ;
; tdm8_rx:u_tdm_rx|ch_data_out[119] ; pre-synthesis ; connected ; Top                            ; post-synthesis    ; tdm8_rx:u_tdm_rx|ch_data_out[119]   ; N/A     ;
; tdm8_rx:u_tdm_rx|ch_data_out[119] ; pre-synthesis ; connected ; Top                            ; post-synthesis    ; tdm8_rx:u_tdm_rx|ch_data_out[119]   ; N/A     ;
; tdm8_rx:u_tdm_rx|ch_data_out[11]  ; pre-synthesis ; connected ; Top                            ; post-synthesis    ; tdm8_rx:u_tdm_rx|ch_data_out[11]    ; N/A     ;
; tdm8_rx:u_tdm_rx|ch_data_out[11]  ; pre-synthesis ; connected ; Top                            ; post-synthesis    ; tdm8_rx:u_tdm_rx|ch_data_out[11]    ; N/A     ;
; tdm8_rx:u_tdm_rx|ch_data_out[120] ; pre-synthesis ; connected ; Top                            ; post-synthesis    ; tdm8_rx:u_tdm_rx|ch_data_out[120]   ; N/A     ;
; tdm8_rx:u_tdm_rx|ch_data_out[120] ; pre-synthesis ; connected ; Top                            ; post-synthesis    ; tdm8_rx:u_tdm_rx|ch_data_out[120]   ; N/A     ;
; tdm8_rx:u_tdm_rx|ch_data_out[121] ; pre-synthesis ; connected ; Top                            ; post-synthesis    ; tdm8_rx:u_tdm_rx|ch_data_out[121]   ; N/A     ;
; tdm8_rx:u_tdm_rx|ch_data_out[121] ; pre-synthesis ; connected ; Top                            ; post-synthesis    ; tdm8_rx:u_tdm_rx|ch_data_out[121]   ; N/A     ;
; tdm8_rx:u_tdm_rx|ch_data_out[122] ; pre-synthesis ; connected ; Top                            ; post-synthesis    ; tdm8_rx:u_tdm_rx|ch_data_out[122]   ; N/A     ;
; tdm8_rx:u_tdm_rx|ch_data_out[122] ; pre-synthesis ; connected ; Top                            ; post-synthesis    ; tdm8_rx:u_tdm_rx|ch_data_out[122]   ; N/A     ;
; tdm8_rx:u_tdm_rx|ch_data_out[123] ; pre-synthesis ; connected ; Top                            ; post-synthesis    ; tdm8_rx:u_tdm_rx|ch_data_out[123]   ; N/A     ;
; tdm8_rx:u_tdm_rx|ch_data_out[123] ; pre-synthesis ; connected ; Top                            ; post-synthesis    ; tdm8_rx:u_tdm_rx|ch_data_out[123]   ; N/A     ;
; tdm8_rx:u_tdm_rx|ch_data_out[124] ; pre-synthesis ; connected ; Top                            ; post-synthesis    ; tdm8_rx:u_tdm_rx|ch_data_out[124]   ; N/A     ;
; tdm8_rx:u_tdm_rx|ch_data_out[124] ; pre-synthesis ; connected ; Top                            ; post-synthesis    ; tdm8_rx:u_tdm_rx|ch_data_out[124]   ; N/A     ;
; tdm8_rx:u_tdm_rx|ch_data_out[125] ; pre-synthesis ; connected ; Top                            ; post-synthesis    ; tdm8_rx:u_tdm_rx|ch_data_out[125]   ; N/A     ;
; tdm8_rx:u_tdm_rx|ch_data_out[125] ; pre-synthesis ; connected ; Top                            ; post-synthesis    ; tdm8_rx:u_tdm_rx|ch_data_out[125]   ; N/A     ;
; tdm8_rx:u_tdm_rx|ch_data_out[126] ; pre-synthesis ; connected ; Top                            ; post-synthesis    ; tdm8_rx:u_tdm_rx|ch_data_out[126]   ; N/A     ;
; tdm8_rx:u_tdm_rx|ch_data_out[126] ; pre-synthesis ; connected ; Top                            ; post-synthesis    ; tdm8_rx:u_tdm_rx|ch_data_out[126]   ; N/A     ;
; tdm8_rx:u_tdm_rx|ch_data_out[127] ; pre-synthesis ; connected ; Top                            ; post-synthesis    ; tdm8_rx:u_tdm_rx|ch_data_out[127]   ; N/A     ;
; tdm8_rx:u_tdm_rx|ch_data_out[127] ; pre-synthesis ; connected ; Top                            ; post-synthesis    ; tdm8_rx:u_tdm_rx|ch_data_out[127]   ; N/A     ;
; tdm8_rx:u_tdm_rx|ch_data_out[128] ; pre-synthesis ; connected ; Top                            ; post-synthesis    ; tdm8_rx:u_tdm_rx|ch_data_out[128]   ; N/A     ;
; tdm8_rx:u_tdm_rx|ch_data_out[128] ; pre-synthesis ; connected ; Top                            ; post-synthesis    ; tdm8_rx:u_tdm_rx|ch_data_out[128]   ; N/A     ;
; tdm8_rx:u_tdm_rx|ch_data_out[129] ; pre-synthesis ; connected ; Top                            ; post-synthesis    ; tdm8_rx:u_tdm_rx|ch_data_out[129]   ; N/A     ;
; tdm8_rx:u_tdm_rx|ch_data_out[129] ; pre-synthesis ; connected ; Top                            ; post-synthesis    ; tdm8_rx:u_tdm_rx|ch_data_out[129]   ; N/A     ;
; tdm8_rx:u_tdm_rx|ch_data_out[12]  ; pre-synthesis ; connected ; Top                            ; post-synthesis    ; tdm8_rx:u_tdm_rx|ch_data_out[12]    ; N/A     ;
; tdm8_rx:u_tdm_rx|ch_data_out[12]  ; pre-synthesis ; connected ; Top                            ; post-synthesis    ; tdm8_rx:u_tdm_rx|ch_data_out[12]    ; N/A     ;
; tdm8_rx:u_tdm_rx|ch_data_out[130] ; pre-synthesis ; connected ; Top                            ; post-synthesis    ; tdm8_rx:u_tdm_rx|ch_data_out[130]   ; N/A     ;
; tdm8_rx:u_tdm_rx|ch_data_out[130] ; pre-synthesis ; connected ; Top                            ; post-synthesis    ; tdm8_rx:u_tdm_rx|ch_data_out[130]   ; N/A     ;
; tdm8_rx:u_tdm_rx|ch_data_out[131] ; pre-synthesis ; connected ; Top                            ; post-synthesis    ; tdm8_rx:u_tdm_rx|ch_data_out[131]   ; N/A     ;
; tdm8_rx:u_tdm_rx|ch_data_out[131] ; pre-synthesis ; connected ; Top                            ; post-synthesis    ; tdm8_rx:u_tdm_rx|ch_data_out[131]   ; N/A     ;
; tdm8_rx:u_tdm_rx|ch_data_out[132] ; pre-synthesis ; connected ; Top                            ; post-synthesis    ; tdm8_rx:u_tdm_rx|ch_data_out[132]   ; N/A     ;
; tdm8_rx:u_tdm_rx|ch_data_out[132] ; pre-synthesis ; connected ; Top                            ; post-synthesis    ; tdm8_rx:u_tdm_rx|ch_data_out[132]   ; N/A     ;
; tdm8_rx:u_tdm_rx|ch_data_out[133] ; pre-synthesis ; connected ; Top                            ; post-synthesis    ; tdm8_rx:u_tdm_rx|ch_data_out[133]   ; N/A     ;
; tdm8_rx:u_tdm_rx|ch_data_out[133] ; pre-synthesis ; connected ; Top                            ; post-synthesis    ; tdm8_rx:u_tdm_rx|ch_data_out[133]   ; N/A     ;
; tdm8_rx:u_tdm_rx|ch_data_out[134] ; pre-synthesis ; connected ; Top                            ; post-synthesis    ; tdm8_rx:u_tdm_rx|ch_data_out[134]   ; N/A     ;
; tdm8_rx:u_tdm_rx|ch_data_out[134] ; pre-synthesis ; connected ; Top                            ; post-synthesis    ; tdm8_rx:u_tdm_rx|ch_data_out[134]   ; N/A     ;
; tdm8_rx:u_tdm_rx|ch_data_out[135] ; pre-synthesis ; connected ; Top                            ; post-synthesis    ; tdm8_rx:u_tdm_rx|ch_data_out[135]   ; N/A     ;
; tdm8_rx:u_tdm_rx|ch_data_out[135] ; pre-synthesis ; connected ; Top                            ; post-synthesis    ; tdm8_rx:u_tdm_rx|ch_data_out[135]   ; N/A     ;
; tdm8_rx:u_tdm_rx|ch_data_out[136] ; pre-synthesis ; connected ; Top                            ; post-synthesis    ; tdm8_rx:u_tdm_rx|ch_data_out[136]   ; N/A     ;
; tdm8_rx:u_tdm_rx|ch_data_out[136] ; pre-synthesis ; connected ; Top                            ; post-synthesis    ; tdm8_rx:u_tdm_rx|ch_data_out[136]   ; N/A     ;
; tdm8_rx:u_tdm_rx|ch_data_out[137] ; pre-synthesis ; connected ; Top                            ; post-synthesis    ; tdm8_rx:u_tdm_rx|ch_data_out[137]   ; N/A     ;
; tdm8_rx:u_tdm_rx|ch_data_out[137] ; pre-synthesis ; connected ; Top                            ; post-synthesis    ; tdm8_rx:u_tdm_rx|ch_data_out[137]   ; N/A     ;
; tdm8_rx:u_tdm_rx|ch_data_out[138] ; pre-synthesis ; connected ; Top                            ; post-synthesis    ; tdm8_rx:u_tdm_rx|ch_data_out[138]   ; N/A     ;
; tdm8_rx:u_tdm_rx|ch_data_out[138] ; pre-synthesis ; connected ; Top                            ; post-synthesis    ; tdm8_rx:u_tdm_rx|ch_data_out[138]   ; N/A     ;
; tdm8_rx:u_tdm_rx|ch_data_out[139] ; pre-synthesis ; connected ; Top                            ; post-synthesis    ; tdm8_rx:u_tdm_rx|ch_data_out[139]   ; N/A     ;
; tdm8_rx:u_tdm_rx|ch_data_out[139] ; pre-synthesis ; connected ; Top                            ; post-synthesis    ; tdm8_rx:u_tdm_rx|ch_data_out[139]   ; N/A     ;
; tdm8_rx:u_tdm_rx|ch_data_out[13]  ; pre-synthesis ; connected ; Top                            ; post-synthesis    ; tdm8_rx:u_tdm_rx|ch_data_out[13]    ; N/A     ;
; tdm8_rx:u_tdm_rx|ch_data_out[13]  ; pre-synthesis ; connected ; Top                            ; post-synthesis    ; tdm8_rx:u_tdm_rx|ch_data_out[13]    ; N/A     ;
; tdm8_rx:u_tdm_rx|ch_data_out[140] ; pre-synthesis ; connected ; Top                            ; post-synthesis    ; tdm8_rx:u_tdm_rx|ch_data_out[140]   ; N/A     ;
; tdm8_rx:u_tdm_rx|ch_data_out[140] ; pre-synthesis ; connected ; Top                            ; post-synthesis    ; tdm8_rx:u_tdm_rx|ch_data_out[140]   ; N/A     ;
; tdm8_rx:u_tdm_rx|ch_data_out[141] ; pre-synthesis ; connected ; Top                            ; post-synthesis    ; tdm8_rx:u_tdm_rx|ch_data_out[141]   ; N/A     ;
; tdm8_rx:u_tdm_rx|ch_data_out[141] ; pre-synthesis ; connected ; Top                            ; post-synthesis    ; tdm8_rx:u_tdm_rx|ch_data_out[141]   ; N/A     ;
; tdm8_rx:u_tdm_rx|ch_data_out[142] ; pre-synthesis ; connected ; Top                            ; post-synthesis    ; tdm8_rx:u_tdm_rx|ch_data_out[142]   ; N/A     ;
; tdm8_rx:u_tdm_rx|ch_data_out[142] ; pre-synthesis ; connected ; Top                            ; post-synthesis    ; tdm8_rx:u_tdm_rx|ch_data_out[142]   ; N/A     ;
; tdm8_rx:u_tdm_rx|ch_data_out[143] ; pre-synthesis ; connected ; Top                            ; post-synthesis    ; tdm8_rx:u_tdm_rx|ch_data_out[143]   ; N/A     ;
; tdm8_rx:u_tdm_rx|ch_data_out[143] ; pre-synthesis ; connected ; Top                            ; post-synthesis    ; tdm8_rx:u_tdm_rx|ch_data_out[143]   ; N/A     ;
; tdm8_rx:u_tdm_rx|ch_data_out[144] ; pre-synthesis ; connected ; Top                            ; post-synthesis    ; tdm8_rx:u_tdm_rx|ch_data_out[144]   ; N/A     ;
; tdm8_rx:u_tdm_rx|ch_data_out[144] ; pre-synthesis ; connected ; Top                            ; post-synthesis    ; tdm8_rx:u_tdm_rx|ch_data_out[144]   ; N/A     ;
; tdm8_rx:u_tdm_rx|ch_data_out[145] ; pre-synthesis ; connected ; Top                            ; post-synthesis    ; tdm8_rx:u_tdm_rx|ch_data_out[145]   ; N/A     ;
; tdm8_rx:u_tdm_rx|ch_data_out[145] ; pre-synthesis ; connected ; Top                            ; post-synthesis    ; tdm8_rx:u_tdm_rx|ch_data_out[145]   ; N/A     ;
; tdm8_rx:u_tdm_rx|ch_data_out[146] ; pre-synthesis ; connected ; Top                            ; post-synthesis    ; tdm8_rx:u_tdm_rx|ch_data_out[146]   ; N/A     ;
; tdm8_rx:u_tdm_rx|ch_data_out[146] ; pre-synthesis ; connected ; Top                            ; post-synthesis    ; tdm8_rx:u_tdm_rx|ch_data_out[146]   ; N/A     ;
; tdm8_rx:u_tdm_rx|ch_data_out[147] ; pre-synthesis ; connected ; Top                            ; post-synthesis    ; tdm8_rx:u_tdm_rx|ch_data_out[147]   ; N/A     ;
; tdm8_rx:u_tdm_rx|ch_data_out[147] ; pre-synthesis ; connected ; Top                            ; post-synthesis    ; tdm8_rx:u_tdm_rx|ch_data_out[147]   ; N/A     ;
; tdm8_rx:u_tdm_rx|ch_data_out[148] ; pre-synthesis ; connected ; Top                            ; post-synthesis    ; tdm8_rx:u_tdm_rx|ch_data_out[148]   ; N/A     ;
; tdm8_rx:u_tdm_rx|ch_data_out[148] ; pre-synthesis ; connected ; Top                            ; post-synthesis    ; tdm8_rx:u_tdm_rx|ch_data_out[148]   ; N/A     ;
; tdm8_rx:u_tdm_rx|ch_data_out[149] ; pre-synthesis ; connected ; Top                            ; post-synthesis    ; tdm8_rx:u_tdm_rx|ch_data_out[149]   ; N/A     ;
; tdm8_rx:u_tdm_rx|ch_data_out[149] ; pre-synthesis ; connected ; Top                            ; post-synthesis    ; tdm8_rx:u_tdm_rx|ch_data_out[149]   ; N/A     ;
; tdm8_rx:u_tdm_rx|ch_data_out[14]  ; pre-synthesis ; connected ; Top                            ; post-synthesis    ; tdm8_rx:u_tdm_rx|ch_data_out[14]    ; N/A     ;
; tdm8_rx:u_tdm_rx|ch_data_out[14]  ; pre-synthesis ; connected ; Top                            ; post-synthesis    ; tdm8_rx:u_tdm_rx|ch_data_out[14]    ; N/A     ;
; tdm8_rx:u_tdm_rx|ch_data_out[150] ; pre-synthesis ; connected ; Top                            ; post-synthesis    ; tdm8_rx:u_tdm_rx|ch_data_out[150]   ; N/A     ;
; tdm8_rx:u_tdm_rx|ch_data_out[150] ; pre-synthesis ; connected ; Top                            ; post-synthesis    ; tdm8_rx:u_tdm_rx|ch_data_out[150]   ; N/A     ;
; tdm8_rx:u_tdm_rx|ch_data_out[151] ; pre-synthesis ; connected ; Top                            ; post-synthesis    ; tdm8_rx:u_tdm_rx|ch_data_out[151]   ; N/A     ;
; tdm8_rx:u_tdm_rx|ch_data_out[151] ; pre-synthesis ; connected ; Top                            ; post-synthesis    ; tdm8_rx:u_tdm_rx|ch_data_out[151]   ; N/A     ;
; tdm8_rx:u_tdm_rx|ch_data_out[152] ; pre-synthesis ; connected ; Top                            ; post-synthesis    ; tdm8_rx:u_tdm_rx|ch_data_out[152]   ; N/A     ;
; tdm8_rx:u_tdm_rx|ch_data_out[152] ; pre-synthesis ; connected ; Top                            ; post-synthesis    ; tdm8_rx:u_tdm_rx|ch_data_out[152]   ; N/A     ;
; tdm8_rx:u_tdm_rx|ch_data_out[153] ; pre-synthesis ; connected ; Top                            ; post-synthesis    ; tdm8_rx:u_tdm_rx|ch_data_out[153]   ; N/A     ;
; tdm8_rx:u_tdm_rx|ch_data_out[153] ; pre-synthesis ; connected ; Top                            ; post-synthesis    ; tdm8_rx:u_tdm_rx|ch_data_out[153]   ; N/A     ;
; tdm8_rx:u_tdm_rx|ch_data_out[154] ; pre-synthesis ; connected ; Top                            ; post-synthesis    ; tdm8_rx:u_tdm_rx|ch_data_out[154]   ; N/A     ;
; tdm8_rx:u_tdm_rx|ch_data_out[154] ; pre-synthesis ; connected ; Top                            ; post-synthesis    ; tdm8_rx:u_tdm_rx|ch_data_out[154]   ; N/A     ;
; tdm8_rx:u_tdm_rx|ch_data_out[155] ; pre-synthesis ; connected ; Top                            ; post-synthesis    ; tdm8_rx:u_tdm_rx|ch_data_out[155]   ; N/A     ;
; tdm8_rx:u_tdm_rx|ch_data_out[155] ; pre-synthesis ; connected ; Top                            ; post-synthesis    ; tdm8_rx:u_tdm_rx|ch_data_out[155]   ; N/A     ;
; tdm8_rx:u_tdm_rx|ch_data_out[156] ; pre-synthesis ; connected ; Top                            ; post-synthesis    ; tdm8_rx:u_tdm_rx|ch_data_out[156]   ; N/A     ;
; tdm8_rx:u_tdm_rx|ch_data_out[156] ; pre-synthesis ; connected ; Top                            ; post-synthesis    ; tdm8_rx:u_tdm_rx|ch_data_out[156]   ; N/A     ;
; tdm8_rx:u_tdm_rx|ch_data_out[157] ; pre-synthesis ; connected ; Top                            ; post-synthesis    ; tdm8_rx:u_tdm_rx|ch_data_out[157]   ; N/A     ;
; tdm8_rx:u_tdm_rx|ch_data_out[157] ; pre-synthesis ; connected ; Top                            ; post-synthesis    ; tdm8_rx:u_tdm_rx|ch_data_out[157]   ; N/A     ;
; tdm8_rx:u_tdm_rx|ch_data_out[158] ; pre-synthesis ; connected ; Top                            ; post-synthesis    ; tdm8_rx:u_tdm_rx|ch_data_out[158]   ; N/A     ;
; tdm8_rx:u_tdm_rx|ch_data_out[158] ; pre-synthesis ; connected ; Top                            ; post-synthesis    ; tdm8_rx:u_tdm_rx|ch_data_out[158]   ; N/A     ;
; tdm8_rx:u_tdm_rx|ch_data_out[159] ; pre-synthesis ; connected ; Top                            ; post-synthesis    ; tdm8_rx:u_tdm_rx|ch_data_out[159]   ; N/A     ;
; tdm8_rx:u_tdm_rx|ch_data_out[159] ; pre-synthesis ; connected ; Top                            ; post-synthesis    ; tdm8_rx:u_tdm_rx|ch_data_out[159]   ; N/A     ;
; tdm8_rx:u_tdm_rx|ch_data_out[15]  ; pre-synthesis ; connected ; Top                            ; post-synthesis    ; tdm8_rx:u_tdm_rx|ch_data_out[15]    ; N/A     ;
; tdm8_rx:u_tdm_rx|ch_data_out[15]  ; pre-synthesis ; connected ; Top                            ; post-synthesis    ; tdm8_rx:u_tdm_rx|ch_data_out[15]    ; N/A     ;
; tdm8_rx:u_tdm_rx|ch_data_out[160] ; pre-synthesis ; connected ; Top                            ; post-synthesis    ; tdm8_rx:u_tdm_rx|ch_data_out[160]   ; N/A     ;
; tdm8_rx:u_tdm_rx|ch_data_out[160] ; pre-synthesis ; connected ; Top                            ; post-synthesis    ; tdm8_rx:u_tdm_rx|ch_data_out[160]   ; N/A     ;
; tdm8_rx:u_tdm_rx|ch_data_out[161] ; pre-synthesis ; connected ; Top                            ; post-synthesis    ; tdm8_rx:u_tdm_rx|ch_data_out[161]   ; N/A     ;
; tdm8_rx:u_tdm_rx|ch_data_out[161] ; pre-synthesis ; connected ; Top                            ; post-synthesis    ; tdm8_rx:u_tdm_rx|ch_data_out[161]   ; N/A     ;
; tdm8_rx:u_tdm_rx|ch_data_out[162] ; pre-synthesis ; connected ; Top                            ; post-synthesis    ; tdm8_rx:u_tdm_rx|ch_data_out[162]   ; N/A     ;
; tdm8_rx:u_tdm_rx|ch_data_out[162] ; pre-synthesis ; connected ; Top                            ; post-synthesis    ; tdm8_rx:u_tdm_rx|ch_data_out[162]   ; N/A     ;
; tdm8_rx:u_tdm_rx|ch_data_out[163] ; pre-synthesis ; connected ; Top                            ; post-synthesis    ; tdm8_rx:u_tdm_rx|ch_data_out[163]   ; N/A     ;
; tdm8_rx:u_tdm_rx|ch_data_out[163] ; pre-synthesis ; connected ; Top                            ; post-synthesis    ; tdm8_rx:u_tdm_rx|ch_data_out[163]   ; N/A     ;
; tdm8_rx:u_tdm_rx|ch_data_out[164] ; pre-synthesis ; connected ; Top                            ; post-synthesis    ; tdm8_rx:u_tdm_rx|ch_data_out[164]   ; N/A     ;
; tdm8_rx:u_tdm_rx|ch_data_out[164] ; pre-synthesis ; connected ; Top                            ; post-synthesis    ; tdm8_rx:u_tdm_rx|ch_data_out[164]   ; N/A     ;
; tdm8_rx:u_tdm_rx|ch_data_out[165] ; pre-synthesis ; connected ; Top                            ; post-synthesis    ; tdm8_rx:u_tdm_rx|ch_data_out[165]   ; N/A     ;
; tdm8_rx:u_tdm_rx|ch_data_out[165] ; pre-synthesis ; connected ; Top                            ; post-synthesis    ; tdm8_rx:u_tdm_rx|ch_data_out[165]   ; N/A     ;
; tdm8_rx:u_tdm_rx|ch_data_out[166] ; pre-synthesis ; connected ; Top                            ; post-synthesis    ; tdm8_rx:u_tdm_rx|ch_data_out[166]   ; N/A     ;
; tdm8_rx:u_tdm_rx|ch_data_out[166] ; pre-synthesis ; connected ; Top                            ; post-synthesis    ; tdm8_rx:u_tdm_rx|ch_data_out[166]   ; N/A     ;
; tdm8_rx:u_tdm_rx|ch_data_out[167] ; pre-synthesis ; connected ; Top                            ; post-synthesis    ; tdm8_rx:u_tdm_rx|ch_data_out[167]   ; N/A     ;
; tdm8_rx:u_tdm_rx|ch_data_out[167] ; pre-synthesis ; connected ; Top                            ; post-synthesis    ; tdm8_rx:u_tdm_rx|ch_data_out[167]   ; N/A     ;
; tdm8_rx:u_tdm_rx|ch_data_out[168] ; pre-synthesis ; connected ; Top                            ; post-synthesis    ; tdm8_rx:u_tdm_rx|ch_data_out[168]   ; N/A     ;
; tdm8_rx:u_tdm_rx|ch_data_out[168] ; pre-synthesis ; connected ; Top                            ; post-synthesis    ; tdm8_rx:u_tdm_rx|ch_data_out[168]   ; N/A     ;
; tdm8_rx:u_tdm_rx|ch_data_out[169] ; pre-synthesis ; connected ; Top                            ; post-synthesis    ; tdm8_rx:u_tdm_rx|ch_data_out[169]   ; N/A     ;
; tdm8_rx:u_tdm_rx|ch_data_out[169] ; pre-synthesis ; connected ; Top                            ; post-synthesis    ; tdm8_rx:u_tdm_rx|ch_data_out[169]   ; N/A     ;
; tdm8_rx:u_tdm_rx|ch_data_out[16]  ; pre-synthesis ; connected ; Top                            ; post-synthesis    ; tdm8_rx:u_tdm_rx|ch_data_out[16]    ; N/A     ;
; tdm8_rx:u_tdm_rx|ch_data_out[16]  ; pre-synthesis ; connected ; Top                            ; post-synthesis    ; tdm8_rx:u_tdm_rx|ch_data_out[16]    ; N/A     ;
; tdm8_rx:u_tdm_rx|ch_data_out[170] ; pre-synthesis ; connected ; Top                            ; post-synthesis    ; tdm8_rx:u_tdm_rx|ch_data_out[170]   ; N/A     ;
; tdm8_rx:u_tdm_rx|ch_data_out[170] ; pre-synthesis ; connected ; Top                            ; post-synthesis    ; tdm8_rx:u_tdm_rx|ch_data_out[170]   ; N/A     ;
; tdm8_rx:u_tdm_rx|ch_data_out[171] ; pre-synthesis ; connected ; Top                            ; post-synthesis    ; tdm8_rx:u_tdm_rx|ch_data_out[171]   ; N/A     ;
; tdm8_rx:u_tdm_rx|ch_data_out[171] ; pre-synthesis ; connected ; Top                            ; post-synthesis    ; tdm8_rx:u_tdm_rx|ch_data_out[171]   ; N/A     ;
; tdm8_rx:u_tdm_rx|ch_data_out[172] ; pre-synthesis ; connected ; Top                            ; post-synthesis    ; tdm8_rx:u_tdm_rx|ch_data_out[172]   ; N/A     ;
; tdm8_rx:u_tdm_rx|ch_data_out[172] ; pre-synthesis ; connected ; Top                            ; post-synthesis    ; tdm8_rx:u_tdm_rx|ch_data_out[172]   ; N/A     ;
; tdm8_rx:u_tdm_rx|ch_data_out[173] ; pre-synthesis ; connected ; Top                            ; post-synthesis    ; tdm8_rx:u_tdm_rx|ch_data_out[173]   ; N/A     ;
; tdm8_rx:u_tdm_rx|ch_data_out[173] ; pre-synthesis ; connected ; Top                            ; post-synthesis    ; tdm8_rx:u_tdm_rx|ch_data_out[173]   ; N/A     ;
; tdm8_rx:u_tdm_rx|ch_data_out[174] ; pre-synthesis ; connected ; Top                            ; post-synthesis    ; tdm8_rx:u_tdm_rx|ch_data_out[174]   ; N/A     ;
; tdm8_rx:u_tdm_rx|ch_data_out[174] ; pre-synthesis ; connected ; Top                            ; post-synthesis    ; tdm8_rx:u_tdm_rx|ch_data_out[174]   ; N/A     ;
; tdm8_rx:u_tdm_rx|ch_data_out[175] ; pre-synthesis ; connected ; Top                            ; post-synthesis    ; tdm8_rx:u_tdm_rx|ch_data_out[175]   ; N/A     ;
; tdm8_rx:u_tdm_rx|ch_data_out[175] ; pre-synthesis ; connected ; Top                            ; post-synthesis    ; tdm8_rx:u_tdm_rx|ch_data_out[175]   ; N/A     ;
; tdm8_rx:u_tdm_rx|ch_data_out[176] ; pre-synthesis ; connected ; Top                            ; post-synthesis    ; tdm8_rx:u_tdm_rx|ch_data_out[176]   ; N/A     ;
; tdm8_rx:u_tdm_rx|ch_data_out[176] ; pre-synthesis ; connected ; Top                            ; post-synthesis    ; tdm8_rx:u_tdm_rx|ch_data_out[176]   ; N/A     ;
; tdm8_rx:u_tdm_rx|ch_data_out[177] ; pre-synthesis ; connected ; Top                            ; post-synthesis    ; tdm8_rx:u_tdm_rx|ch_data_out[177]   ; N/A     ;
; tdm8_rx:u_tdm_rx|ch_data_out[177] ; pre-synthesis ; connected ; Top                            ; post-synthesis    ; tdm8_rx:u_tdm_rx|ch_data_out[177]   ; N/A     ;
; tdm8_rx:u_tdm_rx|ch_data_out[178] ; pre-synthesis ; connected ; Top                            ; post-synthesis    ; tdm8_rx:u_tdm_rx|ch_data_out[178]   ; N/A     ;
; tdm8_rx:u_tdm_rx|ch_data_out[178] ; pre-synthesis ; connected ; Top                            ; post-synthesis    ; tdm8_rx:u_tdm_rx|ch_data_out[178]   ; N/A     ;
; tdm8_rx:u_tdm_rx|ch_data_out[179] ; pre-synthesis ; connected ; Top                            ; post-synthesis    ; tdm8_rx:u_tdm_rx|ch_data_out[179]   ; N/A     ;
; tdm8_rx:u_tdm_rx|ch_data_out[179] ; pre-synthesis ; connected ; Top                            ; post-synthesis    ; tdm8_rx:u_tdm_rx|ch_data_out[179]   ; N/A     ;
; tdm8_rx:u_tdm_rx|ch_data_out[17]  ; pre-synthesis ; connected ; Top                            ; post-synthesis    ; tdm8_rx:u_tdm_rx|ch_data_out[17]    ; N/A     ;
; tdm8_rx:u_tdm_rx|ch_data_out[17]  ; pre-synthesis ; connected ; Top                            ; post-synthesis    ; tdm8_rx:u_tdm_rx|ch_data_out[17]    ; N/A     ;
; tdm8_rx:u_tdm_rx|ch_data_out[180] ; pre-synthesis ; connected ; Top                            ; post-synthesis    ; tdm8_rx:u_tdm_rx|ch_data_out[180]   ; N/A     ;
; tdm8_rx:u_tdm_rx|ch_data_out[180] ; pre-synthesis ; connected ; Top                            ; post-synthesis    ; tdm8_rx:u_tdm_rx|ch_data_out[180]   ; N/A     ;
; tdm8_rx:u_tdm_rx|ch_data_out[181] ; pre-synthesis ; connected ; Top                            ; post-synthesis    ; tdm8_rx:u_tdm_rx|ch_data_out[181]   ; N/A     ;
; tdm8_rx:u_tdm_rx|ch_data_out[181] ; pre-synthesis ; connected ; Top                            ; post-synthesis    ; tdm8_rx:u_tdm_rx|ch_data_out[181]   ; N/A     ;
; tdm8_rx:u_tdm_rx|ch_data_out[182] ; pre-synthesis ; connected ; Top                            ; post-synthesis    ; tdm8_rx:u_tdm_rx|ch_data_out[182]   ; N/A     ;
; tdm8_rx:u_tdm_rx|ch_data_out[182] ; pre-synthesis ; connected ; Top                            ; post-synthesis    ; tdm8_rx:u_tdm_rx|ch_data_out[182]   ; N/A     ;
; tdm8_rx:u_tdm_rx|ch_data_out[183] ; pre-synthesis ; connected ; Top                            ; post-synthesis    ; tdm8_rx:u_tdm_rx|ch_data_out[183]   ; N/A     ;
; tdm8_rx:u_tdm_rx|ch_data_out[183] ; pre-synthesis ; connected ; Top                            ; post-synthesis    ; tdm8_rx:u_tdm_rx|ch_data_out[183]   ; N/A     ;
; tdm8_rx:u_tdm_rx|ch_data_out[184] ; pre-synthesis ; connected ; Top                            ; post-synthesis    ; tdm8_rx:u_tdm_rx|ch_data_out[184]   ; N/A     ;
; tdm8_rx:u_tdm_rx|ch_data_out[184] ; pre-synthesis ; connected ; Top                            ; post-synthesis    ; tdm8_rx:u_tdm_rx|ch_data_out[184]   ; N/A     ;
; tdm8_rx:u_tdm_rx|ch_data_out[185] ; pre-synthesis ; connected ; Top                            ; post-synthesis    ; tdm8_rx:u_tdm_rx|ch_data_out[185]   ; N/A     ;
; tdm8_rx:u_tdm_rx|ch_data_out[185] ; pre-synthesis ; connected ; Top                            ; post-synthesis    ; tdm8_rx:u_tdm_rx|ch_data_out[185]   ; N/A     ;
; tdm8_rx:u_tdm_rx|ch_data_out[186] ; pre-synthesis ; connected ; Top                            ; post-synthesis    ; tdm8_rx:u_tdm_rx|ch_data_out[186]   ; N/A     ;
; tdm8_rx:u_tdm_rx|ch_data_out[186] ; pre-synthesis ; connected ; Top                            ; post-synthesis    ; tdm8_rx:u_tdm_rx|ch_data_out[186]   ; N/A     ;
; tdm8_rx:u_tdm_rx|ch_data_out[187] ; pre-synthesis ; connected ; Top                            ; post-synthesis    ; tdm8_rx:u_tdm_rx|ch_data_out[187]   ; N/A     ;
; tdm8_rx:u_tdm_rx|ch_data_out[187] ; pre-synthesis ; connected ; Top                            ; post-synthesis    ; tdm8_rx:u_tdm_rx|ch_data_out[187]   ; N/A     ;
; tdm8_rx:u_tdm_rx|ch_data_out[188] ; pre-synthesis ; connected ; Top                            ; post-synthesis    ; tdm8_rx:u_tdm_rx|ch_data_out[188]   ; N/A     ;
; tdm8_rx:u_tdm_rx|ch_data_out[188] ; pre-synthesis ; connected ; Top                            ; post-synthesis    ; tdm8_rx:u_tdm_rx|ch_data_out[188]   ; N/A     ;
; tdm8_rx:u_tdm_rx|ch_data_out[189] ; pre-synthesis ; connected ; Top                            ; post-synthesis    ; tdm8_rx:u_tdm_rx|ch_data_out[189]   ; N/A     ;
; tdm8_rx:u_tdm_rx|ch_data_out[189] ; pre-synthesis ; connected ; Top                            ; post-synthesis    ; tdm8_rx:u_tdm_rx|ch_data_out[189]   ; N/A     ;
; tdm8_rx:u_tdm_rx|ch_data_out[18]  ; pre-synthesis ; connected ; Top                            ; post-synthesis    ; tdm8_rx:u_tdm_rx|ch_data_out[18]    ; N/A     ;
; tdm8_rx:u_tdm_rx|ch_data_out[18]  ; pre-synthesis ; connected ; Top                            ; post-synthesis    ; tdm8_rx:u_tdm_rx|ch_data_out[18]    ; N/A     ;
; tdm8_rx:u_tdm_rx|ch_data_out[190] ; pre-synthesis ; connected ; Top                            ; post-synthesis    ; tdm8_rx:u_tdm_rx|ch_data_out[190]   ; N/A     ;
; tdm8_rx:u_tdm_rx|ch_data_out[190] ; pre-synthesis ; connected ; Top                            ; post-synthesis    ; tdm8_rx:u_tdm_rx|ch_data_out[190]   ; N/A     ;
; tdm8_rx:u_tdm_rx|ch_data_out[191] ; pre-synthesis ; connected ; Top                            ; post-synthesis    ; tdm8_rx:u_tdm_rx|ch_data_out[191]   ; N/A     ;
; tdm8_rx:u_tdm_rx|ch_data_out[191] ; pre-synthesis ; connected ; Top                            ; post-synthesis    ; tdm8_rx:u_tdm_rx|ch_data_out[191]   ; N/A     ;
; tdm8_rx:u_tdm_rx|ch_data_out[19]  ; pre-synthesis ; connected ; Top                            ; post-synthesis    ; tdm8_rx:u_tdm_rx|ch_data_out[19]    ; N/A     ;
; tdm8_rx:u_tdm_rx|ch_data_out[19]  ; pre-synthesis ; connected ; Top                            ; post-synthesis    ; tdm8_rx:u_tdm_rx|ch_data_out[19]    ; N/A     ;
; tdm8_rx:u_tdm_rx|ch_data_out[1]   ; pre-synthesis ; connected ; Top                            ; post-synthesis    ; tdm8_rx:u_tdm_rx|ch_data_out[1]     ; N/A     ;
; tdm8_rx:u_tdm_rx|ch_data_out[1]   ; pre-synthesis ; connected ; Top                            ; post-synthesis    ; tdm8_rx:u_tdm_rx|ch_data_out[1]     ; N/A     ;
; tdm8_rx:u_tdm_rx|ch_data_out[20]  ; pre-synthesis ; connected ; Top                            ; post-synthesis    ; tdm8_rx:u_tdm_rx|ch_data_out[20]    ; N/A     ;
; tdm8_rx:u_tdm_rx|ch_data_out[20]  ; pre-synthesis ; connected ; Top                            ; post-synthesis    ; tdm8_rx:u_tdm_rx|ch_data_out[20]    ; N/A     ;
; tdm8_rx:u_tdm_rx|ch_data_out[21]  ; pre-synthesis ; connected ; Top                            ; post-synthesis    ; tdm8_rx:u_tdm_rx|ch_data_out[21]    ; N/A     ;
; tdm8_rx:u_tdm_rx|ch_data_out[21]  ; pre-synthesis ; connected ; Top                            ; post-synthesis    ; tdm8_rx:u_tdm_rx|ch_data_out[21]    ; N/A     ;
; tdm8_rx:u_tdm_rx|ch_data_out[22]  ; pre-synthesis ; connected ; Top                            ; post-synthesis    ; tdm8_rx:u_tdm_rx|ch_data_out[22]    ; N/A     ;
; tdm8_rx:u_tdm_rx|ch_data_out[22]  ; pre-synthesis ; connected ; Top                            ; post-synthesis    ; tdm8_rx:u_tdm_rx|ch_data_out[22]    ; N/A     ;
; tdm8_rx:u_tdm_rx|ch_data_out[23]  ; pre-synthesis ; connected ; Top                            ; post-synthesis    ; tdm8_rx:u_tdm_rx|ch_data_out[23]    ; N/A     ;
; tdm8_rx:u_tdm_rx|ch_data_out[23]  ; pre-synthesis ; connected ; Top                            ; post-synthesis    ; tdm8_rx:u_tdm_rx|ch_data_out[23]    ; N/A     ;
; tdm8_rx:u_tdm_rx|ch_data_out[24]  ; pre-synthesis ; connected ; Top                            ; post-synthesis    ; tdm8_rx:u_tdm_rx|ch_data_out[24]    ; N/A     ;
; tdm8_rx:u_tdm_rx|ch_data_out[24]  ; pre-synthesis ; connected ; Top                            ; post-synthesis    ; tdm8_rx:u_tdm_rx|ch_data_out[24]    ; N/A     ;
; tdm8_rx:u_tdm_rx|ch_data_out[25]  ; pre-synthesis ; connected ; Top                            ; post-synthesis    ; tdm8_rx:u_tdm_rx|ch_data_out[25]    ; N/A     ;
; tdm8_rx:u_tdm_rx|ch_data_out[25]  ; pre-synthesis ; connected ; Top                            ; post-synthesis    ; tdm8_rx:u_tdm_rx|ch_data_out[25]    ; N/A     ;
; tdm8_rx:u_tdm_rx|ch_data_out[26]  ; pre-synthesis ; connected ; Top                            ; post-synthesis    ; tdm8_rx:u_tdm_rx|ch_data_out[26]    ; N/A     ;
; tdm8_rx:u_tdm_rx|ch_data_out[26]  ; pre-synthesis ; connected ; Top                            ; post-synthesis    ; tdm8_rx:u_tdm_rx|ch_data_out[26]    ; N/A     ;
; tdm8_rx:u_tdm_rx|ch_data_out[27]  ; pre-synthesis ; connected ; Top                            ; post-synthesis    ; tdm8_rx:u_tdm_rx|ch_data_out[27]    ; N/A     ;
; tdm8_rx:u_tdm_rx|ch_data_out[27]  ; pre-synthesis ; connected ; Top                            ; post-synthesis    ; tdm8_rx:u_tdm_rx|ch_data_out[27]    ; N/A     ;
; tdm8_rx:u_tdm_rx|ch_data_out[28]  ; pre-synthesis ; connected ; Top                            ; post-synthesis    ; tdm8_rx:u_tdm_rx|ch_data_out[28]    ; N/A     ;
; tdm8_rx:u_tdm_rx|ch_data_out[28]  ; pre-synthesis ; connected ; Top                            ; post-synthesis    ; tdm8_rx:u_tdm_rx|ch_data_out[28]    ; N/A     ;
; tdm8_rx:u_tdm_rx|ch_data_out[29]  ; pre-synthesis ; connected ; Top                            ; post-synthesis    ; tdm8_rx:u_tdm_rx|ch_data_out[29]    ; N/A     ;
; tdm8_rx:u_tdm_rx|ch_data_out[29]  ; pre-synthesis ; connected ; Top                            ; post-synthesis    ; tdm8_rx:u_tdm_rx|ch_data_out[29]    ; N/A     ;
; tdm8_rx:u_tdm_rx|ch_data_out[2]   ; pre-synthesis ; connected ; Top                            ; post-synthesis    ; tdm8_rx:u_tdm_rx|ch_data_out[2]     ; N/A     ;
; tdm8_rx:u_tdm_rx|ch_data_out[2]   ; pre-synthesis ; connected ; Top                            ; post-synthesis    ; tdm8_rx:u_tdm_rx|ch_data_out[2]     ; N/A     ;
; tdm8_rx:u_tdm_rx|ch_data_out[30]  ; pre-synthesis ; connected ; Top                            ; post-synthesis    ; tdm8_rx:u_tdm_rx|ch_data_out[30]    ; N/A     ;
; tdm8_rx:u_tdm_rx|ch_data_out[30]  ; pre-synthesis ; connected ; Top                            ; post-synthesis    ; tdm8_rx:u_tdm_rx|ch_data_out[30]    ; N/A     ;
; tdm8_rx:u_tdm_rx|ch_data_out[31]  ; pre-synthesis ; connected ; Top                            ; post-synthesis    ; tdm8_rx:u_tdm_rx|ch_data_out[31]    ; N/A     ;
; tdm8_rx:u_tdm_rx|ch_data_out[31]  ; pre-synthesis ; connected ; Top                            ; post-synthesis    ; tdm8_rx:u_tdm_rx|ch_data_out[31]    ; N/A     ;
; tdm8_rx:u_tdm_rx|ch_data_out[32]  ; pre-synthesis ; connected ; Top                            ; post-synthesis    ; tdm8_rx:u_tdm_rx|ch_data_out[32]    ; N/A     ;
; tdm8_rx:u_tdm_rx|ch_data_out[32]  ; pre-synthesis ; connected ; Top                            ; post-synthesis    ; tdm8_rx:u_tdm_rx|ch_data_out[32]    ; N/A     ;
; tdm8_rx:u_tdm_rx|ch_data_out[33]  ; pre-synthesis ; connected ; Top                            ; post-synthesis    ; tdm8_rx:u_tdm_rx|ch_data_out[33]    ; N/A     ;
; tdm8_rx:u_tdm_rx|ch_data_out[33]  ; pre-synthesis ; connected ; Top                            ; post-synthesis    ; tdm8_rx:u_tdm_rx|ch_data_out[33]    ; N/A     ;
; tdm8_rx:u_tdm_rx|ch_data_out[34]  ; pre-synthesis ; connected ; Top                            ; post-synthesis    ; tdm8_rx:u_tdm_rx|ch_data_out[34]    ; N/A     ;
; tdm8_rx:u_tdm_rx|ch_data_out[34]  ; pre-synthesis ; connected ; Top                            ; post-synthesis    ; tdm8_rx:u_tdm_rx|ch_data_out[34]    ; N/A     ;
; tdm8_rx:u_tdm_rx|ch_data_out[35]  ; pre-synthesis ; connected ; Top                            ; post-synthesis    ; tdm8_rx:u_tdm_rx|ch_data_out[35]    ; N/A     ;
; tdm8_rx:u_tdm_rx|ch_data_out[35]  ; pre-synthesis ; connected ; Top                            ; post-synthesis    ; tdm8_rx:u_tdm_rx|ch_data_out[35]    ; N/A     ;
; tdm8_rx:u_tdm_rx|ch_data_out[36]  ; pre-synthesis ; connected ; Top                            ; post-synthesis    ; tdm8_rx:u_tdm_rx|ch_data_out[36]    ; N/A     ;
; tdm8_rx:u_tdm_rx|ch_data_out[36]  ; pre-synthesis ; connected ; Top                            ; post-synthesis    ; tdm8_rx:u_tdm_rx|ch_data_out[36]    ; N/A     ;
; tdm8_rx:u_tdm_rx|ch_data_out[37]  ; pre-synthesis ; connected ; Top                            ; post-synthesis    ; tdm8_rx:u_tdm_rx|ch_data_out[37]    ; N/A     ;
; tdm8_rx:u_tdm_rx|ch_data_out[37]  ; pre-synthesis ; connected ; Top                            ; post-synthesis    ; tdm8_rx:u_tdm_rx|ch_data_out[37]    ; N/A     ;
; tdm8_rx:u_tdm_rx|ch_data_out[38]  ; pre-synthesis ; connected ; Top                            ; post-synthesis    ; tdm8_rx:u_tdm_rx|ch_data_out[38]    ; N/A     ;
; tdm8_rx:u_tdm_rx|ch_data_out[38]  ; pre-synthesis ; connected ; Top                            ; post-synthesis    ; tdm8_rx:u_tdm_rx|ch_data_out[38]    ; N/A     ;
; tdm8_rx:u_tdm_rx|ch_data_out[39]  ; pre-synthesis ; connected ; Top                            ; post-synthesis    ; tdm8_rx:u_tdm_rx|ch_data_out[39]    ; N/A     ;
; tdm8_rx:u_tdm_rx|ch_data_out[39]  ; pre-synthesis ; connected ; Top                            ; post-synthesis    ; tdm8_rx:u_tdm_rx|ch_data_out[39]    ; N/A     ;
; tdm8_rx:u_tdm_rx|ch_data_out[3]   ; pre-synthesis ; connected ; Top                            ; post-synthesis    ; tdm8_rx:u_tdm_rx|ch_data_out[3]     ; N/A     ;
; tdm8_rx:u_tdm_rx|ch_data_out[3]   ; pre-synthesis ; connected ; Top                            ; post-synthesis    ; tdm8_rx:u_tdm_rx|ch_data_out[3]     ; N/A     ;
; tdm8_rx:u_tdm_rx|ch_data_out[40]  ; pre-synthesis ; connected ; Top                            ; post-synthesis    ; tdm8_rx:u_tdm_rx|ch_data_out[40]    ; N/A     ;
; tdm8_rx:u_tdm_rx|ch_data_out[40]  ; pre-synthesis ; connected ; Top                            ; post-synthesis    ; tdm8_rx:u_tdm_rx|ch_data_out[40]    ; N/A     ;
; tdm8_rx:u_tdm_rx|ch_data_out[41]  ; pre-synthesis ; connected ; Top                            ; post-synthesis    ; tdm8_rx:u_tdm_rx|ch_data_out[41]    ; N/A     ;
; tdm8_rx:u_tdm_rx|ch_data_out[41]  ; pre-synthesis ; connected ; Top                            ; post-synthesis    ; tdm8_rx:u_tdm_rx|ch_data_out[41]    ; N/A     ;
; tdm8_rx:u_tdm_rx|ch_data_out[42]  ; pre-synthesis ; connected ; Top                            ; post-synthesis    ; tdm8_rx:u_tdm_rx|ch_data_out[42]    ; N/A     ;
; tdm8_rx:u_tdm_rx|ch_data_out[42]  ; pre-synthesis ; connected ; Top                            ; post-synthesis    ; tdm8_rx:u_tdm_rx|ch_data_out[42]    ; N/A     ;
; tdm8_rx:u_tdm_rx|ch_data_out[43]  ; pre-synthesis ; connected ; Top                            ; post-synthesis    ; tdm8_rx:u_tdm_rx|ch_data_out[43]    ; N/A     ;
; tdm8_rx:u_tdm_rx|ch_data_out[43]  ; pre-synthesis ; connected ; Top                            ; post-synthesis    ; tdm8_rx:u_tdm_rx|ch_data_out[43]    ; N/A     ;
; tdm8_rx:u_tdm_rx|ch_data_out[44]  ; pre-synthesis ; connected ; Top                            ; post-synthesis    ; tdm8_rx:u_tdm_rx|ch_data_out[44]    ; N/A     ;
; tdm8_rx:u_tdm_rx|ch_data_out[44]  ; pre-synthesis ; connected ; Top                            ; post-synthesis    ; tdm8_rx:u_tdm_rx|ch_data_out[44]    ; N/A     ;
; tdm8_rx:u_tdm_rx|ch_data_out[45]  ; pre-synthesis ; connected ; Top                            ; post-synthesis    ; tdm8_rx:u_tdm_rx|ch_data_out[45]    ; N/A     ;
; tdm8_rx:u_tdm_rx|ch_data_out[45]  ; pre-synthesis ; connected ; Top                            ; post-synthesis    ; tdm8_rx:u_tdm_rx|ch_data_out[45]    ; N/A     ;
; tdm8_rx:u_tdm_rx|ch_data_out[46]  ; pre-synthesis ; connected ; Top                            ; post-synthesis    ; tdm8_rx:u_tdm_rx|ch_data_out[46]    ; N/A     ;
; tdm8_rx:u_tdm_rx|ch_data_out[46]  ; pre-synthesis ; connected ; Top                            ; post-synthesis    ; tdm8_rx:u_tdm_rx|ch_data_out[46]    ; N/A     ;
; tdm8_rx:u_tdm_rx|ch_data_out[47]  ; pre-synthesis ; connected ; Top                            ; post-synthesis    ; tdm8_rx:u_tdm_rx|ch_data_out[47]    ; N/A     ;
; tdm8_rx:u_tdm_rx|ch_data_out[47]  ; pre-synthesis ; connected ; Top                            ; post-synthesis    ; tdm8_rx:u_tdm_rx|ch_data_out[47]    ; N/A     ;
; tdm8_rx:u_tdm_rx|ch_data_out[48]  ; pre-synthesis ; connected ; Top                            ; post-synthesis    ; tdm8_rx:u_tdm_rx|ch_data_out[48]    ; N/A     ;
; tdm8_rx:u_tdm_rx|ch_data_out[48]  ; pre-synthesis ; connected ; Top                            ; post-synthesis    ; tdm8_rx:u_tdm_rx|ch_data_out[48]    ; N/A     ;
; tdm8_rx:u_tdm_rx|ch_data_out[49]  ; pre-synthesis ; connected ; Top                            ; post-synthesis    ; tdm8_rx:u_tdm_rx|ch_data_out[49]    ; N/A     ;
; tdm8_rx:u_tdm_rx|ch_data_out[49]  ; pre-synthesis ; connected ; Top                            ; post-synthesis    ; tdm8_rx:u_tdm_rx|ch_data_out[49]    ; N/A     ;
; tdm8_rx:u_tdm_rx|ch_data_out[4]   ; pre-synthesis ; connected ; Top                            ; post-synthesis    ; tdm8_rx:u_tdm_rx|ch_data_out[4]     ; N/A     ;
; tdm8_rx:u_tdm_rx|ch_data_out[4]   ; pre-synthesis ; connected ; Top                            ; post-synthesis    ; tdm8_rx:u_tdm_rx|ch_data_out[4]     ; N/A     ;
; tdm8_rx:u_tdm_rx|ch_data_out[50]  ; pre-synthesis ; connected ; Top                            ; post-synthesis    ; tdm8_rx:u_tdm_rx|ch_data_out[50]    ; N/A     ;
; tdm8_rx:u_tdm_rx|ch_data_out[50]  ; pre-synthesis ; connected ; Top                            ; post-synthesis    ; tdm8_rx:u_tdm_rx|ch_data_out[50]    ; N/A     ;
; tdm8_rx:u_tdm_rx|ch_data_out[51]  ; pre-synthesis ; connected ; Top                            ; post-synthesis    ; tdm8_rx:u_tdm_rx|ch_data_out[51]    ; N/A     ;
; tdm8_rx:u_tdm_rx|ch_data_out[51]  ; pre-synthesis ; connected ; Top                            ; post-synthesis    ; tdm8_rx:u_tdm_rx|ch_data_out[51]    ; N/A     ;
; tdm8_rx:u_tdm_rx|ch_data_out[52]  ; pre-synthesis ; connected ; Top                            ; post-synthesis    ; tdm8_rx:u_tdm_rx|ch_data_out[52]    ; N/A     ;
; tdm8_rx:u_tdm_rx|ch_data_out[52]  ; pre-synthesis ; connected ; Top                            ; post-synthesis    ; tdm8_rx:u_tdm_rx|ch_data_out[52]    ; N/A     ;
; tdm8_rx:u_tdm_rx|ch_data_out[53]  ; pre-synthesis ; connected ; Top                            ; post-synthesis    ; tdm8_rx:u_tdm_rx|ch_data_out[53]    ; N/A     ;
; tdm8_rx:u_tdm_rx|ch_data_out[53]  ; pre-synthesis ; connected ; Top                            ; post-synthesis    ; tdm8_rx:u_tdm_rx|ch_data_out[53]    ; N/A     ;
; tdm8_rx:u_tdm_rx|ch_data_out[54]  ; pre-synthesis ; connected ; Top                            ; post-synthesis    ; tdm8_rx:u_tdm_rx|ch_data_out[54]    ; N/A     ;
; tdm8_rx:u_tdm_rx|ch_data_out[54]  ; pre-synthesis ; connected ; Top                            ; post-synthesis    ; tdm8_rx:u_tdm_rx|ch_data_out[54]    ; N/A     ;
; tdm8_rx:u_tdm_rx|ch_data_out[55]  ; pre-synthesis ; connected ; Top                            ; post-synthesis    ; tdm8_rx:u_tdm_rx|ch_data_out[55]    ; N/A     ;
; tdm8_rx:u_tdm_rx|ch_data_out[55]  ; pre-synthesis ; connected ; Top                            ; post-synthesis    ; tdm8_rx:u_tdm_rx|ch_data_out[55]    ; N/A     ;
; tdm8_rx:u_tdm_rx|ch_data_out[56]  ; pre-synthesis ; connected ; Top                            ; post-synthesis    ; tdm8_rx:u_tdm_rx|ch_data_out[56]    ; N/A     ;
; tdm8_rx:u_tdm_rx|ch_data_out[56]  ; pre-synthesis ; connected ; Top                            ; post-synthesis    ; tdm8_rx:u_tdm_rx|ch_data_out[56]    ; N/A     ;
; tdm8_rx:u_tdm_rx|ch_data_out[57]  ; pre-synthesis ; connected ; Top                            ; post-synthesis    ; tdm8_rx:u_tdm_rx|ch_data_out[57]    ; N/A     ;
; tdm8_rx:u_tdm_rx|ch_data_out[57]  ; pre-synthesis ; connected ; Top                            ; post-synthesis    ; tdm8_rx:u_tdm_rx|ch_data_out[57]    ; N/A     ;
; tdm8_rx:u_tdm_rx|ch_data_out[58]  ; pre-synthesis ; connected ; Top                            ; post-synthesis    ; tdm8_rx:u_tdm_rx|ch_data_out[58]    ; N/A     ;
; tdm8_rx:u_tdm_rx|ch_data_out[58]  ; pre-synthesis ; connected ; Top                            ; post-synthesis    ; tdm8_rx:u_tdm_rx|ch_data_out[58]    ; N/A     ;
; tdm8_rx:u_tdm_rx|ch_data_out[59]  ; pre-synthesis ; connected ; Top                            ; post-synthesis    ; tdm8_rx:u_tdm_rx|ch_data_out[59]    ; N/A     ;
; tdm8_rx:u_tdm_rx|ch_data_out[59]  ; pre-synthesis ; connected ; Top                            ; post-synthesis    ; tdm8_rx:u_tdm_rx|ch_data_out[59]    ; N/A     ;
; tdm8_rx:u_tdm_rx|ch_data_out[5]   ; pre-synthesis ; connected ; Top                            ; post-synthesis    ; tdm8_rx:u_tdm_rx|ch_data_out[5]     ; N/A     ;
; tdm8_rx:u_tdm_rx|ch_data_out[5]   ; pre-synthesis ; connected ; Top                            ; post-synthesis    ; tdm8_rx:u_tdm_rx|ch_data_out[5]     ; N/A     ;
; tdm8_rx:u_tdm_rx|ch_data_out[60]  ; pre-synthesis ; connected ; Top                            ; post-synthesis    ; tdm8_rx:u_tdm_rx|ch_data_out[60]    ; N/A     ;
; tdm8_rx:u_tdm_rx|ch_data_out[60]  ; pre-synthesis ; connected ; Top                            ; post-synthesis    ; tdm8_rx:u_tdm_rx|ch_data_out[60]    ; N/A     ;
; tdm8_rx:u_tdm_rx|ch_data_out[61]  ; pre-synthesis ; connected ; Top                            ; post-synthesis    ; tdm8_rx:u_tdm_rx|ch_data_out[61]    ; N/A     ;
; tdm8_rx:u_tdm_rx|ch_data_out[61]  ; pre-synthesis ; connected ; Top                            ; post-synthesis    ; tdm8_rx:u_tdm_rx|ch_data_out[61]    ; N/A     ;
; tdm8_rx:u_tdm_rx|ch_data_out[62]  ; pre-synthesis ; connected ; Top                            ; post-synthesis    ; tdm8_rx:u_tdm_rx|ch_data_out[62]    ; N/A     ;
; tdm8_rx:u_tdm_rx|ch_data_out[62]  ; pre-synthesis ; connected ; Top                            ; post-synthesis    ; tdm8_rx:u_tdm_rx|ch_data_out[62]    ; N/A     ;
; tdm8_rx:u_tdm_rx|ch_data_out[63]  ; pre-synthesis ; connected ; Top                            ; post-synthesis    ; tdm8_rx:u_tdm_rx|ch_data_out[63]    ; N/A     ;
; tdm8_rx:u_tdm_rx|ch_data_out[63]  ; pre-synthesis ; connected ; Top                            ; post-synthesis    ; tdm8_rx:u_tdm_rx|ch_data_out[63]    ; N/A     ;
; tdm8_rx:u_tdm_rx|ch_data_out[64]  ; pre-synthesis ; connected ; Top                            ; post-synthesis    ; tdm8_rx:u_tdm_rx|ch_data_out[64]    ; N/A     ;
; tdm8_rx:u_tdm_rx|ch_data_out[64]  ; pre-synthesis ; connected ; Top                            ; post-synthesis    ; tdm8_rx:u_tdm_rx|ch_data_out[64]    ; N/A     ;
; tdm8_rx:u_tdm_rx|ch_data_out[65]  ; pre-synthesis ; connected ; Top                            ; post-synthesis    ; tdm8_rx:u_tdm_rx|ch_data_out[65]    ; N/A     ;
; tdm8_rx:u_tdm_rx|ch_data_out[65]  ; pre-synthesis ; connected ; Top                            ; post-synthesis    ; tdm8_rx:u_tdm_rx|ch_data_out[65]    ; N/A     ;
; tdm8_rx:u_tdm_rx|ch_data_out[66]  ; pre-synthesis ; connected ; Top                            ; post-synthesis    ; tdm8_rx:u_tdm_rx|ch_data_out[66]    ; N/A     ;
; tdm8_rx:u_tdm_rx|ch_data_out[66]  ; pre-synthesis ; connected ; Top                            ; post-synthesis    ; tdm8_rx:u_tdm_rx|ch_data_out[66]    ; N/A     ;
; tdm8_rx:u_tdm_rx|ch_data_out[67]  ; pre-synthesis ; connected ; Top                            ; post-synthesis    ; tdm8_rx:u_tdm_rx|ch_data_out[67]    ; N/A     ;
; tdm8_rx:u_tdm_rx|ch_data_out[67]  ; pre-synthesis ; connected ; Top                            ; post-synthesis    ; tdm8_rx:u_tdm_rx|ch_data_out[67]    ; N/A     ;
; tdm8_rx:u_tdm_rx|ch_data_out[68]  ; pre-synthesis ; connected ; Top                            ; post-synthesis    ; tdm8_rx:u_tdm_rx|ch_data_out[68]    ; N/A     ;
; tdm8_rx:u_tdm_rx|ch_data_out[68]  ; pre-synthesis ; connected ; Top                            ; post-synthesis    ; tdm8_rx:u_tdm_rx|ch_data_out[68]    ; N/A     ;
; tdm8_rx:u_tdm_rx|ch_data_out[69]  ; pre-synthesis ; connected ; Top                            ; post-synthesis    ; tdm8_rx:u_tdm_rx|ch_data_out[69]    ; N/A     ;
; tdm8_rx:u_tdm_rx|ch_data_out[69]  ; pre-synthesis ; connected ; Top                            ; post-synthesis    ; tdm8_rx:u_tdm_rx|ch_data_out[69]    ; N/A     ;
; tdm8_rx:u_tdm_rx|ch_data_out[6]   ; pre-synthesis ; connected ; Top                            ; post-synthesis    ; tdm8_rx:u_tdm_rx|ch_data_out[6]     ; N/A     ;
; tdm8_rx:u_tdm_rx|ch_data_out[6]   ; pre-synthesis ; connected ; Top                            ; post-synthesis    ; tdm8_rx:u_tdm_rx|ch_data_out[6]     ; N/A     ;
; tdm8_rx:u_tdm_rx|ch_data_out[70]  ; pre-synthesis ; connected ; Top                            ; post-synthesis    ; tdm8_rx:u_tdm_rx|ch_data_out[70]    ; N/A     ;
; tdm8_rx:u_tdm_rx|ch_data_out[70]  ; pre-synthesis ; connected ; Top                            ; post-synthesis    ; tdm8_rx:u_tdm_rx|ch_data_out[70]    ; N/A     ;
; tdm8_rx:u_tdm_rx|ch_data_out[71]  ; pre-synthesis ; connected ; Top                            ; post-synthesis    ; tdm8_rx:u_tdm_rx|ch_data_out[71]    ; N/A     ;
; tdm8_rx:u_tdm_rx|ch_data_out[71]  ; pre-synthesis ; connected ; Top                            ; post-synthesis    ; tdm8_rx:u_tdm_rx|ch_data_out[71]    ; N/A     ;
; tdm8_rx:u_tdm_rx|ch_data_out[72]  ; pre-synthesis ; connected ; Top                            ; post-synthesis    ; tdm8_rx:u_tdm_rx|ch_data_out[72]    ; N/A     ;
; tdm8_rx:u_tdm_rx|ch_data_out[72]  ; pre-synthesis ; connected ; Top                            ; post-synthesis    ; tdm8_rx:u_tdm_rx|ch_data_out[72]    ; N/A     ;
; tdm8_rx:u_tdm_rx|ch_data_out[73]  ; pre-synthesis ; connected ; Top                            ; post-synthesis    ; tdm8_rx:u_tdm_rx|ch_data_out[73]    ; N/A     ;
; tdm8_rx:u_tdm_rx|ch_data_out[73]  ; pre-synthesis ; connected ; Top                            ; post-synthesis    ; tdm8_rx:u_tdm_rx|ch_data_out[73]    ; N/A     ;
; tdm8_rx:u_tdm_rx|ch_data_out[74]  ; pre-synthesis ; connected ; Top                            ; post-synthesis    ; tdm8_rx:u_tdm_rx|ch_data_out[74]    ; N/A     ;
; tdm8_rx:u_tdm_rx|ch_data_out[74]  ; pre-synthesis ; connected ; Top                            ; post-synthesis    ; tdm8_rx:u_tdm_rx|ch_data_out[74]    ; N/A     ;
; tdm8_rx:u_tdm_rx|ch_data_out[75]  ; pre-synthesis ; connected ; Top                            ; post-synthesis    ; tdm8_rx:u_tdm_rx|ch_data_out[75]    ; N/A     ;
; tdm8_rx:u_tdm_rx|ch_data_out[75]  ; pre-synthesis ; connected ; Top                            ; post-synthesis    ; tdm8_rx:u_tdm_rx|ch_data_out[75]    ; N/A     ;
; tdm8_rx:u_tdm_rx|ch_data_out[76]  ; pre-synthesis ; connected ; Top                            ; post-synthesis    ; tdm8_rx:u_tdm_rx|ch_data_out[76]    ; N/A     ;
; tdm8_rx:u_tdm_rx|ch_data_out[76]  ; pre-synthesis ; connected ; Top                            ; post-synthesis    ; tdm8_rx:u_tdm_rx|ch_data_out[76]    ; N/A     ;
; tdm8_rx:u_tdm_rx|ch_data_out[77]  ; pre-synthesis ; connected ; Top                            ; post-synthesis    ; tdm8_rx:u_tdm_rx|ch_data_out[77]    ; N/A     ;
; tdm8_rx:u_tdm_rx|ch_data_out[77]  ; pre-synthesis ; connected ; Top                            ; post-synthesis    ; tdm8_rx:u_tdm_rx|ch_data_out[77]    ; N/A     ;
; tdm8_rx:u_tdm_rx|ch_data_out[78]  ; pre-synthesis ; connected ; Top                            ; post-synthesis    ; tdm8_rx:u_tdm_rx|ch_data_out[78]    ; N/A     ;
; tdm8_rx:u_tdm_rx|ch_data_out[78]  ; pre-synthesis ; connected ; Top                            ; post-synthesis    ; tdm8_rx:u_tdm_rx|ch_data_out[78]    ; N/A     ;
; tdm8_rx:u_tdm_rx|ch_data_out[79]  ; pre-synthesis ; connected ; Top                            ; post-synthesis    ; tdm8_rx:u_tdm_rx|ch_data_out[79]    ; N/A     ;
; tdm8_rx:u_tdm_rx|ch_data_out[79]  ; pre-synthesis ; connected ; Top                            ; post-synthesis    ; tdm8_rx:u_tdm_rx|ch_data_out[79]    ; N/A     ;
; tdm8_rx:u_tdm_rx|ch_data_out[7]   ; pre-synthesis ; connected ; Top                            ; post-synthesis    ; tdm8_rx:u_tdm_rx|ch_data_out[7]     ; N/A     ;
; tdm8_rx:u_tdm_rx|ch_data_out[7]   ; pre-synthesis ; connected ; Top                            ; post-synthesis    ; tdm8_rx:u_tdm_rx|ch_data_out[7]     ; N/A     ;
; tdm8_rx:u_tdm_rx|ch_data_out[80]  ; pre-synthesis ; connected ; Top                            ; post-synthesis    ; tdm8_rx:u_tdm_rx|ch_data_out[80]    ; N/A     ;
; tdm8_rx:u_tdm_rx|ch_data_out[80]  ; pre-synthesis ; connected ; Top                            ; post-synthesis    ; tdm8_rx:u_tdm_rx|ch_data_out[80]    ; N/A     ;
; tdm8_rx:u_tdm_rx|ch_data_out[81]  ; pre-synthesis ; connected ; Top                            ; post-synthesis    ; tdm8_rx:u_tdm_rx|ch_data_out[81]    ; N/A     ;
; tdm8_rx:u_tdm_rx|ch_data_out[81]  ; pre-synthesis ; connected ; Top                            ; post-synthesis    ; tdm8_rx:u_tdm_rx|ch_data_out[81]    ; N/A     ;
; tdm8_rx:u_tdm_rx|ch_data_out[82]  ; pre-synthesis ; connected ; Top                            ; post-synthesis    ; tdm8_rx:u_tdm_rx|ch_data_out[82]    ; N/A     ;
; tdm8_rx:u_tdm_rx|ch_data_out[82]  ; pre-synthesis ; connected ; Top                            ; post-synthesis    ; tdm8_rx:u_tdm_rx|ch_data_out[82]    ; N/A     ;
; tdm8_rx:u_tdm_rx|ch_data_out[83]  ; pre-synthesis ; connected ; Top                            ; post-synthesis    ; tdm8_rx:u_tdm_rx|ch_data_out[83]    ; N/A     ;
; tdm8_rx:u_tdm_rx|ch_data_out[83]  ; pre-synthesis ; connected ; Top                            ; post-synthesis    ; tdm8_rx:u_tdm_rx|ch_data_out[83]    ; N/A     ;
; tdm8_rx:u_tdm_rx|ch_data_out[84]  ; pre-synthesis ; connected ; Top                            ; post-synthesis    ; tdm8_rx:u_tdm_rx|ch_data_out[84]    ; N/A     ;
; tdm8_rx:u_tdm_rx|ch_data_out[84]  ; pre-synthesis ; connected ; Top                            ; post-synthesis    ; tdm8_rx:u_tdm_rx|ch_data_out[84]    ; N/A     ;
; tdm8_rx:u_tdm_rx|ch_data_out[85]  ; pre-synthesis ; connected ; Top                            ; post-synthesis    ; tdm8_rx:u_tdm_rx|ch_data_out[85]    ; N/A     ;
; tdm8_rx:u_tdm_rx|ch_data_out[85]  ; pre-synthesis ; connected ; Top                            ; post-synthesis    ; tdm8_rx:u_tdm_rx|ch_data_out[85]    ; N/A     ;
; tdm8_rx:u_tdm_rx|ch_data_out[86]  ; pre-synthesis ; connected ; Top                            ; post-synthesis    ; tdm8_rx:u_tdm_rx|ch_data_out[86]    ; N/A     ;
; tdm8_rx:u_tdm_rx|ch_data_out[86]  ; pre-synthesis ; connected ; Top                            ; post-synthesis    ; tdm8_rx:u_tdm_rx|ch_data_out[86]    ; N/A     ;
; tdm8_rx:u_tdm_rx|ch_data_out[87]  ; pre-synthesis ; connected ; Top                            ; post-synthesis    ; tdm8_rx:u_tdm_rx|ch_data_out[87]    ; N/A     ;
; tdm8_rx:u_tdm_rx|ch_data_out[87]  ; pre-synthesis ; connected ; Top                            ; post-synthesis    ; tdm8_rx:u_tdm_rx|ch_data_out[87]    ; N/A     ;
; tdm8_rx:u_tdm_rx|ch_data_out[88]  ; pre-synthesis ; connected ; Top                            ; post-synthesis    ; tdm8_rx:u_tdm_rx|ch_data_out[88]    ; N/A     ;
; tdm8_rx:u_tdm_rx|ch_data_out[88]  ; pre-synthesis ; connected ; Top                            ; post-synthesis    ; tdm8_rx:u_tdm_rx|ch_data_out[88]    ; N/A     ;
; tdm8_rx:u_tdm_rx|ch_data_out[89]  ; pre-synthesis ; connected ; Top                            ; post-synthesis    ; tdm8_rx:u_tdm_rx|ch_data_out[89]    ; N/A     ;
; tdm8_rx:u_tdm_rx|ch_data_out[89]  ; pre-synthesis ; connected ; Top                            ; post-synthesis    ; tdm8_rx:u_tdm_rx|ch_data_out[89]    ; N/A     ;
; tdm8_rx:u_tdm_rx|ch_data_out[8]   ; pre-synthesis ; connected ; Top                            ; post-synthesis    ; tdm8_rx:u_tdm_rx|ch_data_out[8]     ; N/A     ;
; tdm8_rx:u_tdm_rx|ch_data_out[8]   ; pre-synthesis ; connected ; Top                            ; post-synthesis    ; tdm8_rx:u_tdm_rx|ch_data_out[8]     ; N/A     ;
; tdm8_rx:u_tdm_rx|ch_data_out[90]  ; pre-synthesis ; connected ; Top                            ; post-synthesis    ; tdm8_rx:u_tdm_rx|ch_data_out[90]    ; N/A     ;
; tdm8_rx:u_tdm_rx|ch_data_out[90]  ; pre-synthesis ; connected ; Top                            ; post-synthesis    ; tdm8_rx:u_tdm_rx|ch_data_out[90]    ; N/A     ;
; tdm8_rx:u_tdm_rx|ch_data_out[91]  ; pre-synthesis ; connected ; Top                            ; post-synthesis    ; tdm8_rx:u_tdm_rx|ch_data_out[91]    ; N/A     ;
; tdm8_rx:u_tdm_rx|ch_data_out[91]  ; pre-synthesis ; connected ; Top                            ; post-synthesis    ; tdm8_rx:u_tdm_rx|ch_data_out[91]    ; N/A     ;
; tdm8_rx:u_tdm_rx|ch_data_out[92]  ; pre-synthesis ; connected ; Top                            ; post-synthesis    ; tdm8_rx:u_tdm_rx|ch_data_out[92]    ; N/A     ;
; tdm8_rx:u_tdm_rx|ch_data_out[92]  ; pre-synthesis ; connected ; Top                            ; post-synthesis    ; tdm8_rx:u_tdm_rx|ch_data_out[92]    ; N/A     ;
; tdm8_rx:u_tdm_rx|ch_data_out[93]  ; pre-synthesis ; connected ; Top                            ; post-synthesis    ; tdm8_rx:u_tdm_rx|ch_data_out[93]    ; N/A     ;
; tdm8_rx:u_tdm_rx|ch_data_out[93]  ; pre-synthesis ; connected ; Top                            ; post-synthesis    ; tdm8_rx:u_tdm_rx|ch_data_out[93]    ; N/A     ;
; tdm8_rx:u_tdm_rx|ch_data_out[94]  ; pre-synthesis ; connected ; Top                            ; post-synthesis    ; tdm8_rx:u_tdm_rx|ch_data_out[94]    ; N/A     ;
; tdm8_rx:u_tdm_rx|ch_data_out[94]  ; pre-synthesis ; connected ; Top                            ; post-synthesis    ; tdm8_rx:u_tdm_rx|ch_data_out[94]    ; N/A     ;
; tdm8_rx:u_tdm_rx|ch_data_out[95]  ; pre-synthesis ; connected ; Top                            ; post-synthesis    ; tdm8_rx:u_tdm_rx|ch_data_out[95]    ; N/A     ;
; tdm8_rx:u_tdm_rx|ch_data_out[95]  ; pre-synthesis ; connected ; Top                            ; post-synthesis    ; tdm8_rx:u_tdm_rx|ch_data_out[95]    ; N/A     ;
; tdm8_rx:u_tdm_rx|ch_data_out[96]  ; pre-synthesis ; connected ; Top                            ; post-synthesis    ; tdm8_rx:u_tdm_rx|ch_data_out[96]    ; N/A     ;
; tdm8_rx:u_tdm_rx|ch_data_out[96]  ; pre-synthesis ; connected ; Top                            ; post-synthesis    ; tdm8_rx:u_tdm_rx|ch_data_out[96]    ; N/A     ;
; tdm8_rx:u_tdm_rx|ch_data_out[97]  ; pre-synthesis ; connected ; Top                            ; post-synthesis    ; tdm8_rx:u_tdm_rx|ch_data_out[97]    ; N/A     ;
; tdm8_rx:u_tdm_rx|ch_data_out[97]  ; pre-synthesis ; connected ; Top                            ; post-synthesis    ; tdm8_rx:u_tdm_rx|ch_data_out[97]    ; N/A     ;
; tdm8_rx:u_tdm_rx|ch_data_out[98]  ; pre-synthesis ; connected ; Top                            ; post-synthesis    ; tdm8_rx:u_tdm_rx|ch_data_out[98]    ; N/A     ;
; tdm8_rx:u_tdm_rx|ch_data_out[98]  ; pre-synthesis ; connected ; Top                            ; post-synthesis    ; tdm8_rx:u_tdm_rx|ch_data_out[98]    ; N/A     ;
; tdm8_rx:u_tdm_rx|ch_data_out[99]  ; pre-synthesis ; connected ; Top                            ; post-synthesis    ; tdm8_rx:u_tdm_rx|ch_data_out[99]    ; N/A     ;
; tdm8_rx:u_tdm_rx|ch_data_out[99]  ; pre-synthesis ; connected ; Top                            ; post-synthesis    ; tdm8_rx:u_tdm_rx|ch_data_out[99]    ; N/A     ;
; tdm8_rx:u_tdm_rx|ch_data_out[9]   ; pre-synthesis ; connected ; Top                            ; post-synthesis    ; tdm8_rx:u_tdm_rx|ch_data_out[9]     ; N/A     ;
; tdm8_rx:u_tdm_rx|ch_data_out[9]   ; pre-synthesis ; connected ; Top                            ; post-synthesis    ; tdm8_rx:u_tdm_rx|ch_data_out[9]     ; N/A     ;
; auto_signaltap_0|gnd              ; post-fitting  ; connected ; sld_signaltap:auto_signaltap_0 ; post-synthesis    ; sld_signaltap:auto_signaltap_0|~GND ; N/A     ;
; auto_signaltap_0|gnd              ; post-fitting  ; connected ; sld_signaltap:auto_signaltap_0 ; post-synthesis    ; sld_signaltap:auto_signaltap_0|~GND ; N/A     ;
; auto_signaltap_0|gnd              ; post-fitting  ; connected ; sld_signaltap:auto_signaltap_0 ; post-synthesis    ; sld_signaltap:auto_signaltap_0|~GND ; N/A     ;
; auto_signaltap_0|gnd              ; post-fitting  ; connected ; sld_signaltap:auto_signaltap_0 ; post-synthesis    ; sld_signaltap:auto_signaltap_0|~GND ; N/A     ;
; auto_signaltap_0|gnd              ; post-fitting  ; connected ; sld_signaltap:auto_signaltap_0 ; post-synthesis    ; sld_signaltap:auto_signaltap_0|~GND ; N/A     ;
; auto_signaltap_0|gnd              ; post-fitting  ; connected ; sld_signaltap:auto_signaltap_0 ; post-synthesis    ; sld_signaltap:auto_signaltap_0|~GND ; N/A     ;
; auto_signaltap_0|gnd              ; post-fitting  ; connected ; sld_signaltap:auto_signaltap_0 ; post-synthesis    ; sld_signaltap:auto_signaltap_0|~GND ; N/A     ;
; auto_signaltap_0|gnd              ; post-fitting  ; connected ; sld_signaltap:auto_signaltap_0 ; post-synthesis    ; sld_signaltap:auto_signaltap_0|~GND ; N/A     ;
; auto_signaltap_0|gnd              ; post-fitting  ; connected ; sld_signaltap:auto_signaltap_0 ; post-synthesis    ; sld_signaltap:auto_signaltap_0|~GND ; N/A     ;
; auto_signaltap_0|gnd              ; post-fitting  ; connected ; sld_signaltap:auto_signaltap_0 ; post-synthesis    ; sld_signaltap:auto_signaltap_0|~GND ; N/A     ;
; auto_signaltap_0|gnd              ; post-fitting  ; connected ; sld_signaltap:auto_signaltap_0 ; post-synthesis    ; sld_signaltap:auto_signaltap_0|~GND ; N/A     ;
; auto_signaltap_0|gnd              ; post-fitting  ; connected ; sld_signaltap:auto_signaltap_0 ; post-synthesis    ; sld_signaltap:auto_signaltap_0|~GND ; N/A     ;
; auto_signaltap_0|gnd              ; post-fitting  ; connected ; sld_signaltap:auto_signaltap_0 ; post-synthesis    ; sld_signaltap:auto_signaltap_0|~GND ; N/A     ;
; auto_signaltap_0|vcc              ; post-fitting  ; connected ; sld_signaltap:auto_signaltap_0 ; post-synthesis    ; sld_signaltap:auto_signaltap_0|~VCC ; N/A     ;
; auto_signaltap_0|vcc              ; post-fitting  ; connected ; sld_signaltap:auto_signaltap_0 ; post-synthesis    ; sld_signaltap:auto_signaltap_0|~VCC ; N/A     ;
; auto_signaltap_0|vcc              ; post-fitting  ; connected ; sld_signaltap:auto_signaltap_0 ; post-synthesis    ; sld_signaltap:auto_signaltap_0|~VCC ; N/A     ;
; auto_signaltap_0|vcc              ; post-fitting  ; connected ; sld_signaltap:auto_signaltap_0 ; post-synthesis    ; sld_signaltap:auto_signaltap_0|~VCC ; N/A     ;
; auto_signaltap_0|vcc              ; post-fitting  ; connected ; sld_signaltap:auto_signaltap_0 ; post-synthesis    ; sld_signaltap:auto_signaltap_0|~VCC ; N/A     ;
; auto_signaltap_0|vcc              ; post-fitting  ; connected ; sld_signaltap:auto_signaltap_0 ; post-synthesis    ; sld_signaltap:auto_signaltap_0|~VCC ; N/A     ;
; auto_signaltap_0|vcc              ; post-fitting  ; connected ; sld_signaltap:auto_signaltap_0 ; post-synthesis    ; sld_signaltap:auto_signaltap_0|~VCC ; N/A     ;
; auto_signaltap_0|vcc              ; post-fitting  ; connected ; sld_signaltap:auto_signaltap_0 ; post-synthesis    ; sld_signaltap:auto_signaltap_0|~VCC ; N/A     ;
; auto_signaltap_0|vcc              ; post-fitting  ; connected ; sld_signaltap:auto_signaltap_0 ; post-synthesis    ; sld_signaltap:auto_signaltap_0|~VCC ; N/A     ;
; auto_signaltap_0|vcc              ; post-fitting  ; connected ; sld_signaltap:auto_signaltap_0 ; post-synthesis    ; sld_signaltap:auto_signaltap_0|~VCC ; N/A     ;
; auto_signaltap_0|vcc              ; post-fitting  ; connected ; sld_signaltap:auto_signaltap_0 ; post-synthesis    ; sld_signaltap:auto_signaltap_0|~VCC ; N/A     ;
; auto_signaltap_0|vcc              ; post-fitting  ; connected ; sld_signaltap:auto_signaltap_0 ; post-synthesis    ; sld_signaltap:auto_signaltap_0|~VCC ; N/A     ;
; auto_signaltap_0|vcc              ; post-fitting  ; connected ; sld_signaltap:auto_signaltap_0 ; post-synthesis    ; sld_signaltap:auto_signaltap_0|~VCC ; N/A     ;
; auto_signaltap_0|vcc              ; post-fitting  ; connected ; sld_signaltap:auto_signaltap_0 ; post-synthesis    ; sld_signaltap:auto_signaltap_0|~VCC ; N/A     ;
; auto_signaltap_0|vcc              ; post-fitting  ; connected ; sld_signaltap:auto_signaltap_0 ; post-synthesis    ; sld_signaltap:auto_signaltap_0|~VCC ; N/A     ;
; auto_signaltap_0|vcc              ; post-fitting  ; connected ; sld_signaltap:auto_signaltap_0 ; post-synthesis    ; sld_signaltap:auto_signaltap_0|~VCC ; N/A     ;
; auto_signaltap_0|vcc              ; post-fitting  ; connected ; sld_signaltap:auto_signaltap_0 ; post-synthesis    ; sld_signaltap:auto_signaltap_0|~VCC ; N/A     ;
; auto_signaltap_0|vcc              ; post-fitting  ; connected ; sld_signaltap:auto_signaltap_0 ; post-synthesis    ; sld_signaltap:auto_signaltap_0|~VCC ; N/A     ;
; auto_signaltap_0|vcc              ; post-fitting  ; connected ; sld_signaltap:auto_signaltap_0 ; post-synthesis    ; sld_signaltap:auto_signaltap_0|~VCC ; N/A     ;
+-----------------------------------+---------------+-----------+--------------------------------+-------------------+-------------------------------------+---------+


+-------------------------------+
; Analysis & Synthesis Messages ;
+-------------------------------+
Info: *******************************************************************
Info: Running Quartus Prime Analysis & Synthesis
    Info: Version 25.1std.0 Build 1129 10/21/2025 SC Lite Edition
    Info: Processing started: Sat May  9 21:24:56 2026
Info: Command: quartus_map --read_settings_files=on --write_settings_files=off TDM_UATR -c TDM_UATR
Warning (18236): Number of processors has not been specified which may cause overloading on shared machines.  Set the global assignment NUM_PARALLEL_PROCESSORS in your QSF to an appropriate value for best performance.
Info (20030): Parallel compilation is enabled and will use 4 of the 4 processors detected
Info (12021): Found 2 design units, including 1 entities, in source file top_loopback.vhd
    Info (12022): Found design unit 1: top_loopback-rtl File: C:/Users/LENOVO THINKPAD T14/Documents/TDM_UATR/top_loopback.vhd Line: 18
    Info (12023): Found entity 1: top_loopback File: C:/Users/LENOVO THINKPAD T14/Documents/TDM_UATR/top_loopback.vhd Line: 5
Info (12021): Found 2 design units, including 1 entities, in source file tdm8_rx.vhd
    Info (12022): Found design unit 1: tdm8_rx-rtl File: C:/Users/LENOVO THINKPAD T14/Documents/TDM_UATR/tdm8_rx.vhd Line: 15
    Info (12023): Found entity 1: tdm8_rx File: C:/Users/LENOVO THINKPAD T14/Documents/TDM_UATR/tdm8_rx.vhd Line: 5
Info (12021): Found 2 design units, including 1 entities, in source file tdm8_master.vhd
    Info (12022): Found design unit 1: tdm8_master-rtl File: C:/Users/LENOVO THINKPAD T14/Documents/TDM_UATR/tdm8_master.vhd Line: 14
    Info (12023): Found entity 1: tdm8_master File: C:/Users/LENOVO THINKPAD T14/Documents/TDM_UATR/tdm8_master.vhd Line: 5
Info (12021): Found 2 design units, including 1 entities, in source file seven_seg_driver.vhd
    Info (12022): Found design unit 1: seven_seg_driver-rtl File: C:/Users/LENOVO THINKPAD T14/Documents/TDM_UATR/seven_seg_driver.vhd Line: 17
    Info (12023): Found entity 1: seven_seg_driver File: C:/Users/LENOVO THINKPAD T14/Documents/TDM_UATR/seven_seg_driver.vhd Line: 5
Info (12127): Elaborating entity "top_loopback" for the top level hierarchy
Info (12128): Elaborating entity "tdm8_master" for hierarchy "tdm8_master:u_tdm_master" File: C:/Users/LENOVO THINKPAD T14/Documents/TDM_UATR/top_loopback.vhd Line: 82
Info (12128): Elaborating entity "tdm8_rx" for hierarchy "tdm8_rx:u_tdm_rx" File: C:/Users/LENOVO THINKPAD T14/Documents/TDM_UATR/top_loopback.vhd Line: 83
Info (12128): Elaborating entity "seven_seg_driver" for hierarchy "seven_seg_driver:u_display" File: C:/Users/LENOVO THINKPAD T14/Documents/TDM_UATR/top_loopback.vhd Line: 85
Info (12021): Found 1 design units, including 1 entities, in source file db/altsyncram_i824.tdf
    Info (12023): Found entity 1: altsyncram_i824 File: C:/Users/LENOVO THINKPAD T14/Documents/TDM_UATR/db/altsyncram_i824.tdf Line: 28
Info (12021): Found 1 design units, including 1 entities, in source file db/mux_0tc.tdf
    Info (12023): Found entity 1: mux_0tc File: C:/Users/LENOVO THINKPAD T14/Documents/TDM_UATR/db/mux_0tc.tdf Line: 23
Info (12021): Found 1 design units, including 1 entities, in source file db/decode_dvf.tdf
    Info (12023): Found entity 1: decode_dvf File: C:/Users/LENOVO THINKPAD T14/Documents/TDM_UATR/db/decode_dvf.tdf Line: 23
Info (12021): Found 1 design units, including 1 entities, in source file db/cntr_bii.tdf
    Info (12023): Found entity 1: cntr_bii File: C:/Users/LENOVO THINKPAD T14/Documents/TDM_UATR/db/cntr_bii.tdf Line: 28
Info (12021): Found 1 design units, including 1 entities, in source file db/cmpr_ugc.tdf
    Info (12023): Found entity 1: cmpr_ugc File: C:/Users/LENOVO THINKPAD T14/Documents/TDM_UATR/db/cmpr_ugc.tdf Line: 23
Info (12021): Found 1 design units, including 1 entities, in source file db/cntr_h6j.tdf
    Info (12023): Found entity 1: cntr_h6j File: C:/Users/LENOVO THINKPAD T14/Documents/TDM_UATR/db/cntr_h6j.tdf Line: 26
Info (12021): Found 1 design units, including 1 entities, in source file db/cntr_jgi.tdf
    Info (12023): Found entity 1: cntr_jgi File: C:/Users/LENOVO THINKPAD T14/Documents/TDM_UATR/db/cntr_jgi.tdf Line: 28
Info (12021): Found 1 design units, including 1 entities, in source file db/cmpr_rgc.tdf
    Info (12023): Found entity 1: cmpr_rgc File: C:/Users/LENOVO THINKPAD T14/Documents/TDM_UATR/db/cmpr_rgc.tdf Line: 23
Info (12021): Found 1 design units, including 1 entities, in source file db/cntr_23j.tdf
    Info (12023): Found entity 1: cntr_23j File: C:/Users/LENOVO THINKPAD T14/Documents/TDM_UATR/db/cntr_23j.tdf Line: 28
Info (12021): Found 1 design units, including 1 entities, in source file db/cmpr_ngc.tdf
    Info (12023): Found entity 1: cmpr_ngc File: C:/Users/LENOVO THINKPAD T14/Documents/TDM_UATR/db/cmpr_ngc.tdf Line: 23
Info (12033): Analysis and Synthesis generated Signal Tap or debug node instance "auto_signaltap_0"
Info (11170): Starting IP generation for the debug fabric: alt_sld_fab.
Info (11172): 2026.05.09.21:25:30 Progress: Loading sldc734b212/alt_sld_fab_wrapper_hw.tcl
Info (11172): Alt_sld_fab.alt_sld_fab: SLD fabric agents which did not specify prefer_host were connected to JTAG
Info (11172): Alt_sld_fab: Generating "alt_sld_fab" for QUARTUS_SYNTH
Info (11172): Alt_sld_fab: "alt_sld_fab" instantiated alt_sld_fab "alt_sld_fab"
Info (11172): Presplit: "alt_sld_fab" instantiated altera_super_splitter "presplit"
Info (11172): Splitter: "alt_sld_fab" instantiated altera_sld_splitter "splitter"
Info (11172): Sldfabric: "alt_sld_fab" instantiated altera_sld_jtag_hub "sldfabric"
Info (11172): Ident: "alt_sld_fab" instantiated altera_connection_identification_hub "ident"
Info (11172): Alt_sld_fab: Done "alt_sld_fab" with 6 modules, 6 files
Info (11171): Finished IP generation for the debug fabric: alt_sld_fab.
Info (12021): Found 1 design units, including 1 entities, in source file db/ip/sldc734b212/alt_sld_fab.v
    Info (12023): Found entity 1: alt_sld_fab File: C:/Users/LENOVO THINKPAD T14/Documents/TDM_UATR/db/ip/sldc734b212/alt_sld_fab.v Line: 9
Info (12021): Found 1 design units, including 1 entities, in source file db/ip/sldc734b212/submodules/alt_sld_fab_alt_sld_fab.v
    Info (12023): Found entity 1: alt_sld_fab_alt_sld_fab File: C:/Users/LENOVO THINKPAD T14/Documents/TDM_UATR/db/ip/sldc734b212/submodules/alt_sld_fab_alt_sld_fab.v Line: 9
Info (12021): Found 1 design units, including 1 entities, in source file db/ip/sldc734b212/submodules/alt_sld_fab_alt_sld_fab_ident.sv
    Info (12023): Found entity 1: alt_sld_fab_alt_sld_fab_ident File: C:/Users/LENOVO THINKPAD T14/Documents/TDM_UATR/db/ip/sldc734b212/submodules/alt_sld_fab_alt_sld_fab_ident.sv Line: 33
Info (12021): Found 1 design units, including 1 entities, in source file db/ip/sldc734b212/submodules/alt_sld_fab_alt_sld_fab_presplit.sv
    Info (12023): Found entity 1: alt_sld_fab_alt_sld_fab_presplit File: C:/Users/LENOVO THINKPAD T14/Documents/TDM_UATR/db/ip/sldc734b212/submodules/alt_sld_fab_alt_sld_fab_presplit.sv Line: 3
Info (12021): Found 2 design units, including 1 entities, in source file db/ip/sldc734b212/submodules/alt_sld_fab_alt_sld_fab_sldfabric.vhd
    Info (12022): Found design unit 1: alt_sld_fab_alt_sld_fab_sldfabric-rtl File: C:/Users/LENOVO THINKPAD T14/Documents/TDM_UATR/db/ip/sldc734b212/submodules/alt_sld_fab_alt_sld_fab_sldfabric.vhd Line: 102
    Info (12023): Found entity 1: alt_sld_fab_alt_sld_fab_sldfabric File: C:/Users/LENOVO THINKPAD T14/Documents/TDM_UATR/db/ip/sldc734b212/submodules/alt_sld_fab_alt_sld_fab_sldfabric.vhd Line: 11
Info (12021): Found 1 design units, including 1 entities, in source file db/ip/sldc734b212/submodules/alt_sld_fab_alt_sld_fab_splitter.sv
    Info (12023): Found entity 1: alt_sld_fab_alt_sld_fab_splitter File: C:/Users/LENOVO THINKPAD T14/Documents/TDM_UATR/db/ip/sldc734b212/submodules/alt_sld_fab_alt_sld_fab_splitter.sv Line: 3
Warning (13024): Output pins are stuck at VCC or GND
    Warning (13410): Pin "seg[7]" is stuck at VCC File: C:/Users/LENOVO THINKPAD T14/Documents/TDM_UATR/top_loopback.vhd Line: 14
Info (286031): Timing-Driven Synthesis is running on partition "Top"
Info (17016): Found the following redundant logic cells in design
    Info (17048): Logic cell "bclk_int" File: C:/Users/LENOVO THINKPAD T14/Documents/TDM_UATR/top_loopback.vhd Line: 54
    Info (17048): Logic cell "lrclk_int" File: C:/Users/LENOVO THINKPAD T14/Documents/TDM_UATR/top_loopback.vhd Line: 55
    Info (17048): Logic cell "sdata_internal" File: C:/Users/LENOVO THINKPAD T14/Documents/TDM_UATR/top_loopback.vhd Line: 57
Info (13000): Registers with preset signals will power-up high File: c:/altera_lite/25.1std/quartus/libraries/megafunctions/sld_buffer_manager.vhd Line: 356
Info (13003): DEV_CLRn pin will set, and not reset, register with preset signal due to NOT Gate Push-Back
Info (286031): Timing-Driven Synthesis is running on partition "sld_signaltap:auto_signaltap_0"
Info (13000): Registers with preset signals will power-up high File: c:/altera_lite/25.1std/quartus/libraries/megafunctions/sld_jtag_hub.vhd Line: 386
Info (13003): DEV_CLRn pin will set, and not reset, register with preset signal due to NOT Gate Push-Back
Info (286031): Timing-Driven Synthesis is running on partition "sld_hub:auto_hub"
Info (35024): Successfully connected in-system debug instance "auto_signaltap_0" to all 423 required data inputs, trigger inputs, acquisition clocks, and dynamic pins
Info (16010): Generating hard_block partition "hard_block:auto_generated_inst"
    Info (16011): Adding 0 node(s), including 0 DDIO, 0 PLL, 0 transceiver and 0 LCELL
Info (21057): Implemented 4219 device resources after synthesis - the final resource count might be different
    Info (21058): Implemented 5 input pins
    Info (21059): Implemented 15 output pins
    Info (21061): Implemented 4003 logic cells
    Info (21064): Implemented 195 RAM segments
Info: Quartus Prime Analysis & Synthesis was successful. 0 errors, 3 warnings
    Info: Peak virtual memory: 4897 megabytes
    Info: Processing ended: Sat May  9 21:25:56 2026
    Info: Elapsed time: 00:01:00
    Info: Total CPU time (on all processors): 00:01:06


